max_temperature_f,mean_temperature_f,min_temperature_f,max_dew_point_f,mean_dew_point_f,min_dew_point_f,max_humidity,mean_humidity,min_humidity,max_sea_level_pressure_inches,mean_sea_level_pressure_inches,min_sea_level_pressure_inches,max_visibility_miles,mean_visibility_miles,min_visibility_miles,max_wind_Speed_mph,mean_wind_speed_mph,max_gust_speed_mph,precipitation_inches,cloud_cover,wind_dir_degrees,Fog,Fog-Rain,Normal,Rain,Rain-Thunderstorm,total_docks,business_day,holiday,year,month,weekday
74,68,61,61,58,56,93,75,57,30.07,30.02,29.97,10,10,10,23,11,28,0,4,286,0,0,1,0,0,650,1,0,2013,8,3
78,69,60,61,58,56,90,70,50,30.05,30,29.93,10,10,7,29,13,35,0,2,291,0,0,1,0,0,650,1,0,2013,8,4
71,64,57,57,56,54,93,75,57,30,29.96,29.92,10,10,10,26,15,31,0,4,284,0,0,1,0,0,650,0,0,2013,8,5
74,66,58,60,56,53,87,68,49,29.96,29.93,29.91,10,10,10,25,13,29,0,4,284,0,0,1,0,0,650,0,0,2013,9,6
75,69,62,61,60,58,93,77,61,29.97,29.94,29.9,10,10,6,23,12,30,0,6,277,0,0,1,0,0,650,0,1,2013,9,0
73,67,60,59,56,51,84,65,46,30.02,29.98,29.95,10,10,10,24,15,31,0,2,276,0,0,1,0,0,650,1,0,2013,9,1
74,68,61,59,57,56,90,72,53,30.05,30.01,29.97,10,10,10,29,19,35,0,4,269,0,0,1,0,0,650,1,0,2013,9,2
72,66,60,57,56,54,90,74,57,30.04,30,29.97,10,10,10,31,21,37,0,3,270,0,0,1,0,0,650,1,0,2013,9,3
85,71,56,57,51,45,86,58,29,30,29.92,29.83,10,10,10,24,8,28,0,0,287,0,0,1,0,0,650,1,0,2013,9,4
88,73,58,64,54,46,86,59,31,29.88,29.85,29.81,10,10,10,21,8,25,0,1,305,0,0,1,0,0,650,0,0,2013,9,5
74,65,56,58,54,52,86,70,53,29.88,29.83,29.76,10,10,10,26,11,31,0,2,299,0,0,1,0,0,650,0,0,2013,9,6
76,66,55,58,55,52,90,70,50,29.82,29.77,29.72,10,10,10,26,11,30,0,1,303,0,0,1,0,0,650,1,0,2013,9,0
74,66,57,59,56,54,93,73,53,29.91,29.82,29.76,10,10,10,17,8,21,0,1,230,0,0,1,0,0,650,1,0,2013,9,1
74,68,62,57,55,54,78,68,57,30,29.97,29.91,10,10,10,18,9,23,0,5,219,0,0,1,0,0,650,1,0,2013,9,2
71,65,59,58,57,55,84,73,61,29.99,29.95,29.91,10,10,9,25,11,30,0,7,268,1,0,0,0,0,650,1,0,2013,9,3
66,62,57,55,54,54,93,80,67,29.92,29.87,29.8,10,10,7,30,15,37,0,6,271,0,0,1,0,0,650,1,0,2013,9,4
66,62,57,55,54,53,87,77,67,29.86,29.81,29.77,10,10,9,25,16,33,0,7,265,0,0,1,0,0,650,0,0,2013,9,5
73,66,58,59,55,52,90,72,53,29.88,29.85,29.81,10,10,6,23,13,26,0,5,276,0,0,1,0,0,650,0,0,2013,9,6
71,65,59,58,55,53,90,74,57,29.91,29.87,29.81,10,10,6,31,16,39,0,3,274,0,0,1,0,0,650,1,0,2013,9,0
68,63,57,55,53,50,86,72,58,29.91,29.87,29.84,10,10,10,39,22,51,0,3,270,0,0,1,0,0,650,1,0,2013,9,1
78,66,54,55,49,47,78,60,41,29.92,29.88,29.85,10,10,10,25,10,30,0,1,278,0,0,1,0,0,650,1,0,2013,9,2
80,67,54,56,50,46,77,58,38,29.87,29.82,29.76,10,10,10,26,10,33,0,0,297,0,0,1,0,0,650,1,0,2013,9,3
73,65,56,59,56,50,87,70,53,29.88,29.84,29.79,10,10,9,17,10,23,0,6,248,0,0,1,0,0,650,1,0,2013,9,4
68,63,58,59,56,53,90,75,59,29.91,29.85,29.82,10,9,2,24,12,28,0.23,6,218,0,0,0,1,0,650,0,0,2013,9,5
70,63,55,55,53,49,93,70,47,30.02,29.97,29.92,10,10,10,29,10,35,0,1,292,0,0,1,0,0,650,0,0,2013,9,6
78,68,57,58,54,50,78,64,50,30.03,29.99,29.95,10,10,10,24,9,30,0,0,294,0,0,1,0,0,650,1,0,2013,9,0
71,65,58,54,52,50,78,66,53,30.01,29.97,29.93,10,10,10,36,19,43,0,1,277,0,0,1,0,0,650,1,0,2013,9,1
67,62,56,51,47,45,83,64,45,29.95,29.91,29.84,10,10,10,35,20,45,0,1,281,0,0,1,0,0,650,1,0,2013,9,2
71,62,53,46,43,38,72,53,33,29.99,29.92,29.85,10,10,10,24,11,29,0,0,281,0,0,1,0,0,650,1,0,2013,9,3
78,66,54,47,41,34,67,46,25,30.11,30.06,30,10,10,10,23,7,28,0,0,279,0,0,1,0,0,650,1,0,2013,9,4
78,66,53,55,48,38,84,60,35,30.1,30.06,30.02,10,10,10,28,9,32,0,1,296,0,0,1,0,0,650,0,0,2013,9,5
75,66,57,59,56,53,87,70,53,30.11,30.09,30.06,10,10,10,16,7,21,0,3,253,0,0,1,0,0,650,0,0,2013,9,6
73,66,59,60,57,43,87,69,51,30.07,30.03,29.98,10,10,10,22,10,26,0,4,264,1,0,0,0,0,650,1,0,2013,9,0
69,63,56,50,48,46,77,61,45,30.03,29.98,29.94,10,10,10,22,13,26,0,3,273,0,0,1,0,0,650,1,0,2013,10,1
69,62,54,49,46,44,77,61,45,30.02,29.98,29.94,10,10,10,29,14,35,0,2,280,0,0,1,0,0,650,1,0,2013,10,2
70,62,54,44,41,35,66,47,28,30.09,30.02,29.96,10,10,10,25,13,30,0,0,294,0,0,1,0,0,650,1,0,2013,10,3
76,69,61,51,42,28,53,38,22,30.1,30.05,29.98,10,10,10,22,9,25,0,0,13,0,0,1,0,0,650,1,0,2013,10,4
80,69,57,52,36,24,56,36,15,30.2,30.14,30.1,10,10,10,12,5,13,0,0,122,0,0,1,0,0,650,0,0,2013,10,5
83,70,56,52,44,27,66,40,13,30.13,30.07,30,10,10,10,14,5,15,0.01,4,345,0,0,1,0,0,650,0,0,2013,10,6
80,68,56,49,41,31,72,46,19,30,29.95,29.89,10,10,10,28,9,31,0,3,295,0,0,1,0,0,650,1,0,2013,10,0
72,62,52,50,47,44,77,59,41,29.92,29.84,29.74,10,10,10,20,10,24,0,2,278,0,0,1,0,0,650,1,0,2013,10,1
68,60,52,48,45,39,83,60,37,29.77,29.69,29.64,10,10,10,17,8,21,0,2,286,0,0,1,0,0,650,1,0,2013,10,2
70,62,53,52,47,43,77,61,45,30.02,29.91,29.77,10,10,10,13,5,15,0,1,302,0,0,1,0,0,650,1,0,2013,10,3
63,57,51,49,47,45,83,70,56,30.09,30.04,30,10,10,10,25,9,30,0,4,275,0,0,1,0,0,650,1,0,2013,10,4
64,56,47,50,46,42,89,71,53,30.02,29.98,29.91,10,8,0,32,13,40,0,3,252,1,0,0,0,0,650,0,0,2013,10,5
73,62,51,51,47,40,89,60,31,30.07,30.01,29.94,10,10,10,22,7,26,0,1,286,0,0,1,0,0,650,0,0,2013,10,6
77,64,51,50,41,36,71,49,27,30.12,30.06,30.01,10,10,10,18,5,24.25882353,0,0,272,0,0,1,0,0,650,0,1,2013,10,0
80,67,53,50,37,31,61,40,18,30.05,30.01,29.96,10,10,10,21,5,22,0,0,294,0,0,1,0,0,650,1,0,2013,10,1
80,67,53,54,42,32,63,41,19,30.09,30.05,30,10,10,10,13,4,14,0,1,305,0,0,1,0,0,650,1,0,2013,10,2
81,68,54,53,45,35,72,56,39,30.09,30.03,29.97,10,10,10,20,7,24,0,0,306,0,0,1,0,0,650,1,0,2013,10,3
68,60,51,52,48,46,83,66,48,30.06,30.02,29.99,10,10,10,23,10,25,0,1,294,0,0,1,0,0,650,1,0,2013,10,4
74,62,49,52,48,45,86,65,44,30.09,30.04,30,10,10,10,21,9,23,0,0,301,0,0,1,0,0,650,0,0,2013,10,5
64,57,49,52,47,45,93,77,60,30.03,29.99,29.92,10,8,0,22,11,26,0,2,290,1,0,0,0,0,650,0,0,2013,10,6
61,55,48,50,47,45,93,80,67,30.03,29.98,29.93,10,10,7,21,9,25,0,3,284,0,0,1,0,0,650,1,0,2013,10,0
64,56,47,51,48,46,100,82,64,30.03,29.99,29.93,10,5,0,21,10,25,0,5,281,1,0,0,0,0,650,1,0,2013,10,1
61,55,49,51,48,46,93,83,72,30,29.96,29.91,10,7,2,23,9,28,0,6,282,1,0,0,0,0,650,1,0,2013,10,2
60,57,53,48,47,45,83,73,62,30.12,30.05,29.99,10,10,8,15,9,20,0,6,269,0,0,1,0,0,650,1,0,2013,10,3
67,59,50,50,47,45,86,69,52,30.18,30.13,30.09,10,10,10,21,9,24,0,4,263,0,0,1,0,0,650,1,0,2013,10,4
70,60,49,53,48,43,89,67,44,30.15,30.09,30.02,10,10,10,22,9,25,0,1,292,1,0,0,0,0,650,0,0,2013,10,5
60,55,50,49,47,45,89,76,62,30.04,29.9,29.69,10,10,10,43,18,51,0,6,267,0,0,0,1,0,650,0,0,2013,10,6
61,57,52,48,46,44,83,69,55,29.86,29.75,29.69,10,10,10,36,15,43,0,5,263,0,0,1,0,0,650,1,0,2013,10,0
63,58,52,48,45,42,83,66,48,30.06,29.97,29.87,10,10,10,17,7,21,0,4,256,0,0,1,0,0,650,1,0,2013,10,1
65,57,48,50,45,42,83,66,48,30.16,30.11,30.07,10,10,10,18,7,22,0,2,286,0,0,1,0,0,650,1,0,2013,10,2
70,59,48,51,43,38,71,54,37,30.19,30.13,30.08,10,10,10,14,4,17.04,0,0,300,0,0,1,0,0,650,1,0,2013,10,3
74,63,51,53,45,41,77,57,37,30.14,30.08,30.01,10,10,10,15,4,18,0,0,315,0,0,1,0,0,650,1,0,2013,11,4
63,57,50,51,47,41,89,73,56,30.03,29.99,29.93,10,9,2,28,13,33,0,3,284,0,0,1,0,0,650,0,0,2013,11,5
63,55,47,45,41,34,77,56,34,30.06,29.99,29.94,10,10,10,22,9,24,0,4,277,0,0,1,0,0,650,0,0,2013,11,6
67,56,44,43,39,32,80,56,31,30.07,30,29.94,10,10,10,23,9,28,0,0,286,0,0,1,0,0,650,1,0,2013,11,0
71,61,50,45,38,29,66,44,22,30.22,30.16,30.08,10,10,10,15,4,17,0,1,279,0,0,1,0,0,650,1,0,2013,11,1
70,61,51,49,42,36,72,52,31,30.26,30.21,30.16,10,10,9,5,0,6,0,5,68,0,0,1,0,0,650,1,0,2013,11,2
71,64,56,51,46,40,80,61,42,30.18,30.13,30.09,10,10,9,22,8,26,0,4,284,0,0,1,0,0,650,1,0,2013,11,3
70,60,50,53,48,40,100,72,43,30.1,30.05,29.98,10,7,0,24,8,26,0,2,269,1,0,0,0,0,650,1,0,2013,11,4
66,57,48,53,47,40,80,64,48,30.05,30.01,29.97,10,10,9,12,3,14,0,1,334,0,0,1,0,0,650,0,0,2013,11,5
64,58,51,51,48,45,83,72,60,30.13,30.09,30.04,10,10,9,13,5,16,0,3,269,0,0,1,0,0,650,0,0,2013,11,6
62,58,54,51,49,46,83,72,60,30.17,30.13,30.09,10,9,6,12,5,15,0,7,76,0,0,1,0,0,650,0,1,2013,11,0
70,64,57,53,50,46,77,62,47,30.27,30.23,30.17,10,10,10,18,7,22,0,4,312,0,0,1,0,0,650,1,0,2013,11,1
68,60,52,55,51,47,93,77,60,30.25,30.18,30.12,10,10,9,23,8,26,0,3,303,1,0,0,0,0,650,1,0,2013,11,2
61,56,51,52,49,45,96,84,71,30.13,30.03,29.9,10,10,8,29,13,37,0,5,266,0,0,1,0,0,650,1,0,2013,11,3
65,58,50,46,44,41,83,66,48,29.89,29.82,29.76,10,10,10,35,12,40,0,1,268,0,0,1,0,0,650,1,0,2013,11,4
62,56,49,50,46,42,83,67,51,29.94,29.86,29.79,10,10,10,26,14,35,0,2,273,0,0,1,0,0,650,0,0,2013,11,5
63,56,49,49,45,42,89,69,48,30.1,30.03,29.94,10,10,10,13,6,16,0,4,245,0,0,1,0,0,650,0,0,2013,11,6
60,53,46,46,44,40,82,69,55,30.16,30.12,30.1,10,10,10,15,5,18,0,5,199,0,0,1,0,0,650,1,0,2013,11,0
61,58,54,55,50,45,93,80,66,30.1,30.03,29.95,10,9,6,14,7,16,0.28,7,131,0,0,0,1,0,650,1,0,2013,11,1
59,55,51,56,53,47,93,90,86,29.94,29.9,29.85,10,9,4,22,7,24,0.63,7,239,0,0,0,1,0,650,1,0,2013,11,2
62,56,50,49,42,32,93,64,35,29.99,29.94,29.91,10,10,9,32,11,39,0,5,349,0,0,0,1,0,650,1,0,2013,11,3
69,63,57,39,32,25,40,30,19,30.03,29.97,29.91,10,10,10,26,14,32,0,1,47,0,0,1,0,0,650,1,0,2013,11,4
65,58,50,45,38,31,71,50,28,30.11,30.04,29.97,10,10,10,22,5,32,0,0,79,0,0,1,0,0,650,0,0,2013,11,5
60,53,45,49,43,39,86,70,53,30.26,30.19,30.12,10,10,10,9,3,10,0,0,319,0,0,1,0,0,650,0,0,2013,11,6
61,53,44,46,43,38,86,70,53,30.33,30.28,30.25,10,10,9,7,2,10,0,1,180,0,0,1,0,0,650,1,0,2013,11,0
62,55,47,47,44,39,86,65,43,30.27,30.16,30.04,10,9,6,7,2,8,0,5,100,0,0,1,0,0,650,1,0,2013,11,1
62,55,48,49,45,41,86,69,52,30.03,29.92,29.85,10,9,7,7,1,7,0,5,137,0,0,1,0,0,650,1,0,2013,11,2
66,58,49,51,44,37,83,64,44,30.08,29.96,29.88,10,9,7,16,4,18,0,3,280,0,0,1,0,0,650,0,1,2013,11,3
62,54,46,51,45,38,77,70,63,30.22,30.15,30.09,10,10,9,24,3,28,0,0,316,1,0,0,0,0,650,1,0,2013,11,4
63,54,45,51,47,41,93,79,65,30.28,30.25,30.19,10,6,0,15,4,20,0,3,303,1,0,0,0,0,650,0,0,2013,11,5
67,57,46,50,46,41,86,66,46,30.35,30.27,30.22,10,10,9,14,4,16,0,1,308,0,0,1,0,0,650,0,0,2013,12,6
62,54,46,54,49,44,96,80,64,30.22,30.1,29.99,10,8,0,33,14,38,0,5,277,0,1,0,0,0,650,1,0,2013,12,0
56,51,46,54,38,25,93,69,45,29.98,29.92,29.87,10,10,4,24,14,31,0,4,285,0,0,1,0,0,650,1,0,2013,12,1
52,46,39,31,26,21,62,46,30,30.09,30.04,29.96,10,10,10,14,5,16,0,0,309,0,0,1,0,0,650,1,0,2013,12,2
51,43,35,31,24,18,64,45,26,30.18,30.14,30.09,10,10,10,12,4,14,0,0,196,0,0,1,0,0,650,1,0,2013,12,3
53,45,37,48,37,31,80,65,50,30.19,30.1,29.94,10,10,6,30,9,43,0.29,6,180,0,0,0,1,0,650,1,0,2013,12,4
52,45,38,48,32,24,89,63,36,30.25,30.09,29.94,10,10,3,29,13,36,0.06,3,293,0,0,0,1,0,650,0,0,2013,12,5
47,42,36,31,24,17,70,53,36,30.33,30.28,30.24,10,10,10,22,10,24,0,2,64,0,0,1,0,0,650,0,0,2013,12,6
52,44,36,31,23,18,70,49,28,30.43,30.37,30.32,10,10,10,20,8,23,0,0,113,0,0,1,0,0,650,1,0,2013,12,0
52,43,34,35,30,27,70,56,42,30.4,30.3,30.22,10,10,10,10,3,13,0,2,138,0,0,1,0,0,650,1,0,2013,12,1
57,48,38,36,32,27,85,60,35,30.25,30.21,30.18,10,10,10,14,3,16,0,1,130,0,0,1,0,0,650,1,0,2013,12,2
54,46,38,44,35,29,86,67,48,30.27,30.23,30.18,10,10,7,16,4,20,0,1,278,0,0,1,0,0,650,1,0,2013,12,3
53,47,40,45,41,38,89,76,63,30.34,30.28,30.25,10,9,7,12,4,14,0,2,353,0,0,1,0,0,650,1,0,2013,12,4
61,50,39,42,37,33,85,61,36,30.4,30.35,30.32,10,10,8,9,2,10,0,1,263,0,0,1,0,0,650,0,0,2013,12,5
60,50,40,44,38,34,76,60,43,30.36,30.3,30.24,10,9,7,10,2,12,0,3,102,0,0,1,0,0,650,0,0,2013,12,6
65,54,43,44,37,33,77,54,31,30.23,30.18,30.13,10,10,10,10,2,13,0,5,113,0,0,1,0,0,650,1,0,2013,12,0
59,53,46,46,41,36,77,60,43,30.18,30.11,30.04,9,6,5,7,3,8,0,6,96,0,0,1,0,0,650,1,0,2013,12,1
57,51,44,46,43,38,77,72,66,30.03,29.91,29.8,10,9,6,35,12,40,0,6,274,0,0,1,0,0,650,1,0,2013,12,2
59,53,47,43,36,23,77,52,27,29.94,29.83,29.74,10,10,10,36,12,43,0,2,306,0,0,1,0,0,650,1,0,2013,12,3
60,50,40,43,32,21,71,50,29,30.02,29.98,29.94,10,10,10,15,5,18,0,1,257,0,0,1,0,0,650,1,0,2013,12,4
60,54,47,47,45,43,86,74,62,30.09,30.03,29.98,10,10,10,17,7,21,0,1,288,0,0,1,0,0,650,0,0,2013,12,5
65,54,43,47,42,37,89,64,39,30.29,30.21,30.1,10,10,10,9,1,10,0,1,337,0,0,1,0,0,650,0,0,2013,12,6
60,52,44,45,40,37,80,64,47,30.4,30.35,30.3,10,9,7,8,1,9,0,1,32,0,0,1,0,0,650,1,0,2013,12,0
59,52,45,47,41,38,76,64,51,30.34,30.27,30.21,10,9,7,8,2,24,0,2,308,0,0,1,0,0,650,1,0,2013,12,1
63,53,42,44,40,36,76,60,43,30.29,30.25,30.2,10,10,9,6,1,8,0,0,218,0,0,1,0,0,650,0,1,2013,12,2
62,53,43,46,41,38,83,63,43,30.26,30.22,30.17,10,9,7,7,1,8,0,0,24,0,0,1,0,0,650,1,0,2013,12,3
57,50,43,45,41,37,76,64,51,30.24,30.19,30.13,10,10,8,8,2,9,0,4,60,0,0,1,0,0,650,1,0,2013,12,4
63,52,40,45,38,29,85,59,32,30.16,30.1,30.04,10,10,9,10,2,13,0,0,262,0,0,1,0,0,650,0,0,2013,12,5
68,55,42,37,29,16,71,43,14,30.18,30.13,30.1,10,10,10,13,3,26,0,0,129,0,0,1,0,0,650,0,0,2013,12,6
59,51,42,46,40,33,86,65,43,30.26,30.22,30.18,10,10,9,13,3,15,0,3,312,0,0,1,0,0,650,1,0,2013,12,0
59,50,41,45,40,35,93,73,53,30.28,30.22,30.17,10,7,0,13,3,15,0,3,278,1,0,0,0,0,650,1,0,2013,12,1
56,49,41,45,40,36,83,69,55,30.22,30.17,30.13,10,9,7,9,1,10,0,3,290,0,0,1,0,0,650,0,1,2014,1,2
62,53,43,45,39,34,80,58,36,30.18,30.11,30.06,10,10,10,6,1,6,0,3,146,0,0,1,0,0,650,1,0,2014,1,3
64,54,44,46,41,34,80,59,37,30.08,30.02,29.96,10,10,9,14,4,16,0,3,297,0,0,1,0,0,650,1,0,2014,1,4
66,55,43,46,42,33,93,65,36,30.09,30.02,29.99,10,6,0,15,2,18,0,2,266,1,0,0,0,0,650,0,0,2014,1,5
66,55,44,38,32,27,65,45,24,30.21,30.16,30.09,10,10,10,14,5,15,0,0,125,0,0,1,0,0,650,0,0,2014,1,6
60,52,44,45,40,32,71,61,51,30.28,30.21,30.17,10,10,7,9,2,10,0,5,75,0,0,1,0,0,650,1,0,2014,1,0
61,54,46,52,45,39,86,70,53,30.22,30.18,30.14,10,9,7,15,4,17,0,5,304,0,0,0,1,0,650,1,0,2014,1,1
59,56,52,51,48,46,86,79,72,30.24,30.2,30.16,10,9,3,20,9,24,0.01,7,281,0,0,1,0,0,650,1,0,2014,1,2
60,56,52,50,47,43,89,73,57,30.27,30.23,30.2,10,10,5,25,12,31,0,5,287,0,0,1,0,0,650,1,0,2014,1,3
60,54,48,48,46,43,89,75,60,30.31,30.25,30.19,10,9,6,15,6,17,0,4,310,0,0,1,0,0,650,1,0,2014,1,4
58,52,46,51,46,42,93,83,72,30.3,30.23,30.16,10,10,6,18,6,22,0,4,281,0,0,1,0,0,650,0,0,2014,1,5
60,53,46,47,42,36,93,70,47,30.4,30.33,30.27,10,10,7,17,7,20,0,2,313,0,0,1,0,0,650,0,0,2014,1,6
67,55,42,44,37,32,71,50,28,30.47,30.4,30.35,10,10,10,18,3,22,0,1,88,0,0,1,0,0,650,1,0,2014,1,0
72,58,44,42,37,26,71,45,19,30.45,30.38,30.32,10,10,10,12,2,15,0,0,134,0,0,1,0,0,650,1,0,2014,1,1
73,61,48,40,34,25,71,44,17,30.35,30.27,30.2,10,10,10,10,3,13,0,0,131,0,0,1,0,0,650,1,0,2014,1,2
73,60,46,44,35,27,71,45,19,30.24,30.18,30.13,10,10,10,8,2,10,0,0,125,0,0,1,0,0,650,1,0,2014,1,3
67,56,45,45,39,35,71,53,34,30.2,30.15,30.11,10,9,5,5,1,7,0,0,128,0,0,1,0,0,650,1,0,2014,1,4
67,55,43,47,39,32,77,57,36,30.18,30.11,30.06,10,9,7,7,1,12,0,0,128,0,0,1,0,0,650,0,0,2014,1,5
67,55,43,44,38,34,76,54,32,30.14,30.1,30.06,10,10,8,7,2,7,0,1,110,0,0,1,0,0,650,0,0,2014,1,6
66,55,43,48,41,34,76,60,43,30.23,30.17,30.12,10,9,7,9,2,9,0,1,354,0,0,1,0,0,650,0,1,2014,1,0
68,56,43,44,37,25,76,48,20,30.27,30.21,30.16,10,10,10,12,2,13,0,3,258,0,0,1,0,0,650,1,0,2014,1,1
65,55,44,47,41,31,77,64,51,30.17,30.05,29.93,10,10,10,18,5,22,0,1,304,0,0,1,0,0,650,1,0,2014,1,2
69,57,44,47,38,27,80,51,21,30.02,29.93,29.88,10,9,7,17,5,21,0,0,61,0,0,1,0,0,650,1,0,2014,1,3
64,55,46,47,41,32,80,56,32,30.28,30.16,30.03,10,8,4,9,3,9,0,3,5,0,0,1,0,0,650,1,0,2014,1,4
65,57,48,48,43,34,83,60,37,30.27,30.19,30.13,10,9,7,12,2,13,0,2,281,0,0,1,0,0,650,0,0,2014,1,5
66,57,48,48,43,33,83,65,46,30.14,30.09,30.03,10,10,9,21,6,24,0,3,317,0,0,1,0,0,650,0,0,2014,1,6
59,54,48,48,46,43,83,73,62,30.21,30.15,30.08,10,10,7,18,6,20,0,6,301,0,0,1,0,0,650,1,0,2014,1,0
65,59,53,57,53,47,90,81,72,30.27,30.22,30.2,10,10,2,17,5,21,0,7,290,0,0,1,0,0,650,1,0,2014,1,1
63,59,54,57,54,50,93,89,84,30.2,30.11,30,10,10,7,20,8,22,0,8,282,0,0,0,1,0,650,1,0,2014,1,2
58,55,52,51,48,46,93,80,67,29.98,29.91,29.88,10,10,9,30,14,38,0,6,267,0,0,0,1,0,650,1,0,2014,1,3
60,54,47,46,42,36,86,63,39,30.09,30.04,29.92,10,10,9,32,12,38,0,1,285,0,0,1,0,0,650,1,0,2014,1,4
59,51,42,43,39,36,82,63,43,30.17,30.12,30.08,10,10,10,20,6,23,0,1,270,0,0,1,0,0,650,0,0,2014,2,5
58,53,47,44,42,36,86,74,61,30.04,29.92,29.85,10,8,4,29,12,33,0.85,7,111,0,0,0,1,0,650,0,0,2014,2,6
56,51,46,43,41,39,82,69,55,30.09,30.04,29.99,10,10,10,25,11,32,0,3,306,0,0,1,0,0,650,1,0,2014,2,0
55,50,44,44,40,36,83,67,50,30.17,30.12,30.09,10,10,10,21,7,23,0,4,288,0,0,1,0,0,650,1,0,2014,2,1
55,49,43,46,42,38,86,73,59,30.21,30.15,30.06,10,10,10,17,7,24,0.09,6,255,0,0,0,1,0,650,1,0,2014,2,2
52,50,48,52,48,42,100,90,80,30.05,29.96,29.91,10,8,2,20,7,23,0.64,8,100,0,0,0,1,0,650,1,0,2014,2,3
56,54,51,54,51,49,100,92,83,30.08,30.04,30,10,9,3,31,11,40,0.23,8,152,0,0,0,1,0,650,1,0,2014,2,4
59,56,53,58,55,49,100,92,83,30.15,30.1,30.06,10,5,2,28,13,37,0.42,8,164,0,0,0,1,0,650,0,0,2014,2,5
59,57,55,58,56,52,100,92,83,30.16,30.12,30.06,10,6,2,21,9,26,0.35,8,174,0,0,0,1,0,650,0,0,2014,2,6
57,54,51,54,52,50,100,93,86,30.29,30.23,30.14,10,9,2,17,10,20,0,7,274,0,0,0,1,0,650,1,0,2014,2,0
56,53,49,51,49,48,100,92,83,30.26,30.22,30.18,10,10,7,22,9,26,0,6,287,0,0,1,0,0,650,1,0,2014,2,1
56,51,46,51,48,45,100,92,83,30.29,30.24,30.2,10,7,0,18,6,22,0,6,278,1,0,0,0,0,650,1,0,2014,2,2
67,59,50,57,53,50,100,87,73,30.23,30.17,30.11,10,6,0,15,8,20,0,6,288,1,0,0,0,0,650,1,0,2014,2,3
66,61,56,55,54,50,100,80,60,30.18,30.13,30.06,10,8,2,14,5,16,0,7,293,0,0,1,0,0,650,1,0,2014,2,4
62,57,52,55,52,49,93,83,72,30.05,30.02,30,10,10,7,17,5,21,0,7,174,0,0,0,1,0,650,0,0,2014,2,5
63,57,50,54,47,40,93,68,43,30.21,30.14,30.06,10,10,6,20,8,23,0.01,3,292,0,0,1,0,0,650,0,0,2014,2,6
61,54,46,49,45,42,86,69,51,30.19,30.16,30.11,10,10,10,21,10,25,0,3,280,0,0,1,0,0,650,0,1,2014,2,0
62,55,48,53,49,45,93,80,67,30.2,30.15,30.12,10,10,5,22,8,25,0,5,272,0,0,1,0,0,650,1,0,2014,2,1
62,57,51,54,48,43,93,72,51,30.22,30.16,30.12,10,10,10,23,14,26,0.01,4,276,0,0,1,0,0,650,1,0,2014,2,2
67,56,45,47,44,41,86,65,43,30.22,30.17,30.12,10,10,9,18,6,22,0,4,277,0,0,1,0,0,650,1,0,2014,2,3
69,58,47,51,46,40,86,61,35,30.12,30.06,30,10,10,10,22,7,26,0,1,282,0,0,1,0,0,650,1,0,2014,2,4
66,56,46,52,48,43,93,78,63,30.03,29.99,29.94,10,10,10,23,9,28,0,2,286,0,0,1,0,0,650,0,0,2014,2,5
63,55,46,52,47,44,93,81,69,30.04,30,29.96,10,9,6,23,8,26,0,3,268,0,0,1,0,0,650,0,0,2014,2,6
71,58,45,53,47,41,89,65,40,30.01,29.96,29.91,10,10,10,17,6,21,0,1,302,0,0,1,0,0,650,1,0,2014,2,0
62,55,48,53,48,45,89,78,67,29.99,29.95,29.92,10,9,7,20,6,23,0,6,215,0,0,1,0,0,650,1,0,2014,2,1
60,57,54,56,52,47,93,80,67,29.96,29.84,29.69,10,9,4,31,15,39,0.43,8,147,0,0,0,1,0,650,1,0,2014,2,2
62,58,55,52,51,51,89,81,67,29.91,29.85,29.78,10,10,8,17,15,35,0.22,8,205,0,0,0,1,0,650,1,0,2014,2,3
63,59,55,54,50,43,86,65,43,29.5,29.43,29.39,10,8,1,26,13,33,0.74,8,208,0,0,0,1,0,650,1,0,2014,2,4
69,62,54,54,48,44,78,63,48,29.82,29.63,29.47,10,10,10,17,10,25,0.03,7,108,0,0,0,1,0,650,0,0,2014,3,5
61,57,53,55,51,47,83,75,67,30.17,30.01,29.83,10,9,2,20,9,26,0.02,6,181,0,0,0,1,0,650,0,0,2014,3,6
61,56,50,52,49,47,89,77,64,30.15,30.11,30.04,10,10,9,18,6,28,0.1,7,135,0,0,0,1,0,650,1,0,2014,3,0
66,61,55,54,52,49,86,77,67,30.12,30.09,30.06,10,10,7,17,5,23.98076923,0,7,16,0,0,0,1,0,650,1,0,2014,3,1
66,60,54,58,54,48,93,73,52,30.11,30.06,29.99,10,8,2,20,6,23,0.26,8,211,0,0,0,1,0,650,1,0,2014,3,2
65,58,51,57,53,48,93,80,67,30.2,30.13,30.06,10,9,4,15,8,20,0.01,6,258,0,0,0,1,0,650,1,0,2014,3,3
66,57,48,50,47,43,89,67,44,30.19,30.15,30.11,10,10,9,14,6,24,0,2,296,0,0,1,0,0,650,1,0,2014,3,4
72,59,46,51,48,39,93,63,33,30.21,30.16,30.12,10,10,10,17,4,48,0,5,285,1,0,0,0,0,650,0,0,2014,3,5
71,63,55,54,51,48,80,69,57,30.17,30.13,30.07,10,10,10,13,6,18,0,7,291,0,0,0,1,0,650,0,0,2014,3,6
68,62,56,55,48,43,86,66,45,30.24,30.17,30.11,10,10,9,20,8,22,0,5,307,0,0,0,1,0,650,1,0,2014,3,0
74,61,47,40,31,25,61,40,19,30.19,30.1,30.02,10,10,10,30,11,37,0,1,6,0,0,1,0,0,650,1,0,2014,3,1
78,66,53,34,28,23,36,26,16,30.11,30.05,30.01,10,10,10,32,16,40,0,0,28,0,0,1,0,0,650,1,0,2014,3,2
73,58,46,49,43,33,80,58,27,30.08,30.03,29.99,10,10,10,17,6,23.98076923,0,1,270,0,0,1,0,0,650,1,0,2014,3,3
67,60,53,52,49,46,83,68,52,30.23,30.15,30.08,10,10,10,13,7,21,0,4,248,0,0,1,0,0,650,1,0,2014,3,4
77,62,47,52,48,41,93,63,33,30.31,30.27,30.23,10,10,10,14,6,16,0,0,293,1,0,0,0,0,650,0,0,2014,3,5
72,60,48,52,48,46,89,68,47,30.32,30.27,30.21,10,10,10,21,8,23,0,3,292,1,0,0,0,0,650,0,0,2014,3,6
69,59,49,49,46,43,77,60,42,30.24,30.11,29.99,10,10,10,22,11,29,0,3,291,0,0,1,0,0,650,1,0,2014,3,0
70,57,43,45,39,31,86,55,24,29.99,29.95,29.91,10,10,10,17,5,22,0,1,290,0,0,1,0,0,650,1,0,2014,3,1
73,59,45,48,40,34,77,52,27,30.09,30.04,29.98,10,10,10,14,6,26,0,2,316,0,0,1,0,0,650,1,0,2014,3,2
70,60,50,51,45,41,77,61,44,30.06,30.02,29.96,10,10,10,18,8,24.25882353,0,5,292,0,0,1,0,0,650,1,0,2014,3,3
63,56,48,47,45,44,86,69,52,30.01,29.98,29.96,10,10,9,20,8,37,0,3,263,0,0,1,0,0,650,1,0,2014,3,4
65,58,51,47,45,43,83,64,44,30.13,30.06,30,10,10,10,16,8,23,0,3,246,0,0,1,0,0,650,0,0,2014,3,5
65,57,48,48,46,44,83,68,52,30.19,30.14,30.1,10,10,10,15,7,20,0,3,280,0,0,1,0,0,650,0,0,2014,3,6
72,59,46,50,46,38,86,58,29,30.17,30.1,30.03,10,10,6,18,6,29,0,1,328,0,0,1,0,0,650,1,0,2014,3,0
63,54,45,55,49,42,87,75,62,30.06,29.97,29.88,10,9,2,18,8,29,0.15,5,253,0,0,0,1,0,650,1,0,2014,3,1
62,58,53,51,48,47,89,77,64,29.99,29.87,29.82,10,8,1,23,12,35,0.63,7,235,0,0,0,1,0,650,1,0,2014,3,2
65,61,56,48,46,43,77,61,44,30.14,30.07,29.98,10,10,7,17,9,25,0,6,244,0,0,1,0,0,650,1,0,2014,3,3
69,63,56,52,49,46,77,63,49,30.21,30.16,30.12,10,10,7,17,9,30,0.01,6,191,0,0,0,1,0,650,1,0,2014,3,4
60,57,53,55,51,45,93,79,64,30.14,30.07,30.02,10,8,1,24,12,29,0.87,8,200,0,0,0,1,0,650,0,0,2014,3,5
61,56,50,46,44,41,77,64,51,30.14,30.11,30.06,10,10,10,17,10,21,0,4,277,0,0,1,0,0,650,0,0,2014,3,6
57,53,48,47,44,42,86,76,66,30.08,29.94,29.85,10,8,1,31,13,36,0.57,6,169,0,0,0,1,0,650,1,0,2014,3,0
58,52,46,47,43,41,82,72,61,29.95,29.89,29.85,10,9,2,30,13,36,0.69,7,158,0,0,0,1,0,650,1,0,2014,4,1
61,53,45,45,43,39,89,68,46,30.12,30.03,29.88,10,10,10,21,8,28,0,4,357,0,0,0,1,0,650,1,0,2014,4,2
62,54,46,46,44,42,86,69,51,30.13,30.1,30.05,10,10,10,16,8,20,0,5,211,0,0,1,0,0,650,1,0,2014,4,3
61,56,50,49,46,43,86,71,55,30.06,30.02,29.99,10,9,4,22,8,28,0.32,6,292,0,0,0,1,0,650,1,0,2014,4,4
65,56,46,49,46,43,86,71,56,30.2,30.13,30.06,10,10,10,17,7,21,0,2,292,0,0,1,0,0,650,0,0,2014,4,5
72,61,49,54,50,45,93,71,49,30.25,30.18,30.11,10,10,10,16,5,29,0,2,275,0,0,1,0,0,650,0,0,2014,4,6
79,65,51,56,52,47,86,62,37,30.16,30.11,30.06,10,10,10,15,6,20,0,0,291,0,0,1,0,0,650,1,0,2014,4,0
78,67,56,56,53,50,93,70,46,30.12,30.07,30.03,10,10,10,16,6,20,0,3,299,0,0,1,0,0,650,1,0,2014,4,1
66,59,52,52,49,48,93,75,56,30.11,30.06,30,10,10,10,17,8,49,0,4,295,0,0,1,0,0,650,1,0,2014,4,2
74,63,51,54,50,47,89,71,53,30.05,29.99,29.9,10,10,8,18,7,26,0,5,302,0,0,1,0,0,650,1,0,2014,4,3
63,58,53,50,49,48,89,75,60,29.97,29.92,29.87,10,10,10,24,9,28,0,7,298,0,0,1,0,0,650,1,0,2014,4,4
64,59,54,48,47,45,77,69,60,29.96,29.92,29.88,10,10,10,21,11,28,0,5,262,0,0,1,0,0,650,0,0,2014,4,5
69,61,53,51,48,45,83,69,55,30.06,30.01,29.96,10,10,8,22,9,25,0,4,262,0,0,1,0,0,650,0,0,2014,4,6
68,59,50,52,49,48,89,73,56,30.13,30.07,30.03,10,9,6,21,8,23,0,5,283,0,0,1,0,0,650,1,0,2014,4,0
66,59,52,49,48,46,83,70,56,30.08,30,29.92,10,10,7,18,8,30,0,4,275,0,0,1,0,0,650,1,0,2014,4,1
73,62,50,50,49,45,83,64,44,29.93,29.89,29.83,10,9,7,18,8,24,0,2,257,0,0,1,0,0,650,1,0,2014,4,2
64,58,51,51,49,47,89,75,60,29.89,29.85,29.81,10,10,7,17,7,29,0,2,262,0,0,1,0,0,650,1,0,2014,4,3
64,58,51,51,48,45,83,70,56,29.97,29.92,29.88,10,10,10,18,8,31,0,3,263,0,0,1,0,0,650,1,0,2014,4,4
65,59,52,52,48,44,86,69,52,30.13,30.07,29.97,10,10,10,25,12,38,0,5,262,0,0,1,0,0,650,0,0,2014,4,5
76,63,50,52,48,44,86,60,33,30.16,30.11,30.07,10,10,10,21,6,36,0,3,269,0,0,1,0,0,650,0,0,2014,4,6
67,59,50,50,46,41,83,63,43,30.09,30.04,29.99,10,10,8,24,9,41,0,5,275,0,0,1,0,0,650,1,0,2014,4,0
65,59,52,50,42,36,83,60,37,30.14,30.06,29.98,10,10,4,31,19,36,0,5,287,0,0,0,1,0,650,1,0,2014,4,1
67,56,45,49,41,35,72,56,39,30.16,30.12,30.09,10,10,10,24,9,33,0,3,299,0,0,1,0,0,650,1,0,2014,4,2
66,59,51,54,51,47,86,71,56,30.13,30.07,30,10,10,6,21,9,36,0.02,5,268,0,0,0,1,0,650,1,0,2014,4,3
58,55,52,55,49,43,86,74,61,29.99,29.88,29.81,10,8,2,28,12,35,0.57,8,253,0,0,0,1,0,650,1,0,2014,4,4
63,53,44,44,42,39,86,63,44,30.1,29.99,29.87,10,10,10,25,10,30,0,4,280,0,0,1,0,0,650,0,0,2014,4,5
64,58,52,49,46,43,66,57,48,30.14,30.09,30.05,10,10,7,24,13,30,0,5,234,0,0,0,1,0,650,0,0,2014,4,6
71,59,47,49,46,43,93,67,40,30.23,30.19,30.15,10,10,8,20,7,28,0,1,287,0,0,1,0,0,650,1,0,2014,4,0
83,67,50,56,47,43,80,52,24,30.21,30.14,30.05,10,10,10,13,4,17,0,2,254,0,0,1,0,0,650,1,0,2014,4,1
89,73,57,56,50,42,80,53,25,30.09,30.05,30,10,10,10,13,5,20,0,2,280,0,0,1,0,0,650,1,0,2014,4,2
85,71,57,54,46,34,72,45,17,30.09,30.07,30.03,10,10,10,20,6,23,0,2,290,0,0,1,0,0,650,1,0,2014,5,3
72,63,53,56,52,50,93,71,49,30.1,30.06,30.02,10,10,10,21,8,28,0,5,282,1,0,0,0,0,650,1,0,2014,5,4
67,61,54,52,50,48,86,69,52,30.06,30.04,30,10,10,10,29,16,34.81818182,0,6,262,0,0,1,0,0,650,0,0,2014,5,5
68,63,57,51,51,49,80,66,52,30.07,30.04,30.02,10,10,10,22,15,25,0,5,270,0,0,1,0,0,650,0,0,2014,5,6
67,61,55,51,47,43,80,64,48,30.06,30.02,29.96,10,10,10,30,17,36,0,4,276,0,0,1,0,0,650,1,0,2014,5,0
69,61,52,49,45,41,72,58,44,29.95,29.92,29.88,10,10,10,25,11,32,0,1,275,0,0,1,0,0,650,1,0,2014,5,1
64,58,51,48,46,43,83,64,44,30.01,29.95,29.89,10,10,10,23,12,93,0,4,218,0,0,1,0,0,650,1,0,2014,5,2
65,60,54,56,50,45,84,73,62,30.1,30.06,30.01,10,10,6,18,10,23,0,7,246,0,0,0,1,0,650,1,0,2014,5,3
69,62,55,54,50,44,86,64,42,30.17,30.13,30.1,10,10,7,29,16,35,0,5,272,0,0,1,0,0,650,1,0,2014,5,4
70,61,51,46,44,38,72,53,34,30.14,30.09,30.03,10,10,10,26,12,30,0,2,289,0,0,1,0,0,650,0,0,2014,5,5
77,65,53,48,41,32,67,45,23,30.1,30.07,30.02,10,10,10,25,10,32,0,1,303,0,0,1,0,0,650,0,0,2014,5,6
82,66,50,52,46,38,77,50,23,30.12,30.08,30.04,10,10,10,15,6,31,0,2,299,0,0,1,0,0,650,1,0,2014,5,0
91,74,56,51,44,35,67,43,19,30.13,30.1,30.07,10,10,10,15,5,21,0,1,283,0,0,1,0,0,650,1,0,2014,5,1
90,75,59,53,46,38,67,43,18,30.13,30.09,30.04,10,10,10,15,6,17,0,2,291,0,0,1,0,0,650,1,0,2014,5,2
83,70,57,50,47,41,69,47,25,30.1,30.08,30.05,10,10,10,20,6,21,0,3,280,0,0,1,0,0,650,1,0,2014,5,3
70,63,55,52,51,49,83,65,47,30.1,30.06,30,10,10,10,22,12,25,0,5,266,0,0,1,0,0,650,1,0,2014,5,4
67,61,55,52,51,50,86,71,56,30.03,30,29.97,10,10,10,22,13,29,0,6,261,0,0,1,0,0,650,0,0,2014,5,5
70,63,56,54,50,46,80,64,47,30,29.98,29.95,10,10,10,29,16,33,0,3,276,0,0,1,0,0,650,0,0,2014,5,6
68,62,56,51,49,48,77,65,52,29.98,29.96,29.93,10,10,10,28,16,32,0,5,273,0,0,1,0,0,650,1,0,2014,5,0
70,63,55,52,49,47,80,64,47,30.01,29.98,29.94,10,10,10,22,11,25,0,5,262,0,0,1,0,0,650,1,0,2014,5,1
70,63,55,52,50,48,83,68,53,29.99,29.97,29.93,10,10,9,22,11,24,0,5,247,0,0,1,0,0,650,1,0,2014,5,2
69,62,54,52,50,48,89,72,55,30.05,29.98,29.94,10,10,10,18,11,22,0,6,275,0,0,1,0,0,650,1,0,2014,5,3
68,61,54,52,51,48,86,72,58,30.05,30.01,29.96,10,10,10,22,10,28,0,6,272,0,0,1,0,0,650,1,0,2014,5,4
67,61,55,52,51,48,86,71,56,30.02,29.99,29.95,10,10,10,20,10,26,0,3,265,0,0,1,0,0,650,0,0,2014,5,5
73,65,56,52,49,48,77,61,44,30,29.96,29.92,10,10,10,17,8,20,0,1,242,0,0,1,0,0,650,0,0,2014,5,6
73,62,51,54,51,47,89,71,53,30.03,30,29.96,10,10,9,20,8,23,0,0,258,0,0,1,0,0,650,0,1,2014,5,0
68,61,54,49,48,45,83,64,45,30.07,30.03,29.99,10,10,10,18,8,24,0,1,264,0,0,1,0,0,650,1,0,2014,5,1
74,62,49,50,45,36,83,57,30,30.07,30.02,29.96,10,10,10,22,9,26,0,0,287,0,0,1,0,0,650,1,0,2014,5,2
77,64,51,53,47,40,83,55,27,29.96,29.94,29.91,10,10,10,20,8,23,0,1,267,0,0,1,0,0,650,1,0,2014,5,3
64,59,53,49,48,47,83,70,56,29.99,29.96,29.92,10,10,9,20,12,24,0,6,262,0,0,1,0,0,650,1,0,2014,5,4
69,61,53,52,49,48,89,71,53,29.98,29.96,29.92,10,10,10,18,10,22,0,4,256,0,0,1,0,0,650,0,0,2014,5,5
72,62,51,52,50,48,93,71,49,29.94,29.89,29.81,10,9,5,17,9,32,0,3,305,0,0,1,0,0,650,0,0,2014,6,6
67,60,52,51,49,48,89,73,56,29.92,29.89,29.84,10,10,10,23,11,44,0,6,259,0,0,1,0,0,650,1,0,2014,6,0
67,60,52,50,49,48,83,68,52,29.96,29.92,29.88,10,10,10,20,11,24.34146341,0,4,278,0,0,1,0,0,650,1,0,2014,6,1
70,61,52,52,51,48,89,71,53,29.92,29.89,29.84,10,10,6,20,8,21,0,4,288,0,0,1,0,0,650,1,0,2014,6,2
67,60,52,52,51,48,89,74,58,29.88,29.85,29.81,10,9,6,21,11,25,0,3,314,0,0,1,0,0,650,1,0,2014,6,3
68,61,53,52,51,50,89,74,58,29.86,29.83,29.81,10,10,8,21,10,24,0,3,320,0,0,1,0,0,650,1,0,2014,6,4
70,63,56,53,51,50,86,71,55,29.86,29.83,29.79,10,9,7,18,8,23,0,3,297,0,0,1,0,0,650,0,0,2014,6,5
86,70,53,56,53,49,89,61,32,29.83,29.78,29.72,10,9,7,18,7,23,0,0,304,0,0,1,0,0,650,0,0,2014,6,6
78,68,58,56,54,53,80,67,53,29.76,29.73,29.7,10,9,7,22,10,25,0,1,305,0,0,1,0,0,650,1,0,2014,6,0
68,63,57,55,54,52,86,73,59,29.84,29.78,29.73,10,10,9,23,10,28,0,4,318,0,0,1,0,0,650,1,0,2014,6,1
70,64,58,55,53,51,78,66,53,29.92,29.86,29.82,10,10,10,23,12,31,0,5,258,0,0,1,0,0,650,1,0,2014,6,2
66,61,55,52,49,48,80,68,56,30.01,29.96,29.91,10,10,10,21,14,25,0,5,257,0,0,1,0,0,650,1,0,2014,6,3
72,64,55,53,51,48,83,65,47,29.99,29.96,29.93,10,10,10,17,8,23,0,2,238,0,0,1,0,0,650,1,0,2014,6,4
80,67,53,54,50,48,89,63,36,29.95,29.9,29.85,10,10,10,23,9,25,0,2,282,0,0,1,0,0,650,0,0,2014,6,5
68,61,54,52,50,48,80,66,52,29.86,29.83,29.81,10,10,8,24,13,26,0,5,248,0,0,1,0,0,650,0,0,2014,6,6
65,61,56,50,48,46,83,70,56,29.94,29.9,29.85,10,10,10,22,14,26,0,5,248,0,0,1,0,0,650,1,0,2014,6,0
73,62,50,50,47,43,77,56,35,29.97,29.93,29.9,10,10,10,21,7,23,0,1,246,0,0,1,0,0,650,1,0,2014,6,1
82,68,53,52,49,46,77,53,28,29.96,29.94,29.91,10,10,10,21,7,23,0,0,280,0,0,1,0,0,650,1,0,2014,6,2
70,61,52,52,50,48,86,70,53,30.01,29.98,29.95,10,10,9,22,9,32,0,2,302,0,0,1,0,0,650,1,0,2014,6,3
74,64,54,54,52,49,86,66,46,30,29.97,29.94,10,10,10,22,10,24,0,4,250,0,0,1,0,0,650,1,0,2014,6,4
65,59,53,50,49,48,83,70,56,29.95,29.93,29.91,10,10,10,20,8,23,0,5,276,0,0,1,0,0,650,0,0,2014,6,5
66,60,54,50,49,48,77,67,56,29.97,29.94,29.9,10,10,10,25,12,30,0,4,249,0,0,1,0,0,650,0,0,2014,6,6
70,63,55,52,50,47,83,67,51,29.97,29.95,29.93,10,10,10,20,9,29,0,5,252,0,0,1,0,0,650,1,0,2014,6,0
70,62,54,55,52,48,83,71,58,30.02,29.98,29.96,10,10,10,21,10,26,0,3,269,0,0,1,0,0,650,1,0,2014,6,1
68,63,57,58,55,53,90,79,68,30.02,29.99,29.97,10,10,8,21,13,33,0,7,263,0,0,1,0,0,650,1,0,2014,6,2
70,65,59,57,55,53,90,74,57,30.01,29.99,29.97,10,10,7,18,12,32,0,5,261,0,0,0,1,0,650,1,0,2014,6,3
71,64,57,59,56,53,86,76,66,30.01,29.98,29.94,10,10,10,21,9,29,0,5,261,0,0,1,0,0,650,1,0,2014,6,4
72,65,57,55,54,52,87,72,57,29.98,29.95,29.91,10,10,10,20,9,25,0,3,253,0,0,1,0,0,650,0,0,2014,6,5
80,67,54,55,52,50,87,62,37,29.95,29.9,29.83,10,10,10,18,8,22,0,0,276,0,0,1,0,0,650,0,0,2014,6,6
82,70,57,57,54,52,84,63,42,29.84,29.82,29.79,10,10,8,20,9,35,0,3,304,0,0,1,0,0,650,1,0,2014,6,0
72,64,56,55,54,53,93,73,53,29.87,29.83,29.8,10,10,10,21,10,29,0,5,316,0,0,1,0,0,650,1,0,2014,7,1
70,64,57,55,54,53,86,72,57,29.92,29.88,29.85,10,10,10,21,11,23,0,6,265,0,0,1,0,0,650,1,0,2014,7,2
69,62,54,54,52,52,86,71,55,29.96,29.92,29.9,10,10,10,18,10,25,0,3,264,0,0,1,0,0,650,1,0,2014,7,3
67,61,54,54,52,51,93,76,58,30.02,29.97,29.91,10,10,9,21,9,24,0,4,320,0,0,1,0,0,650,0,1,2014,7,4
72,63,53,54,53,51,93,73,53,30.09,30.04,30.02,10,10,10,18,7,32,0,3,299,0,0,1,0,0,650,0,0,2014,7,5
70,62,53,53,52,51,93,73,53,30.07,30.01,29.95,10,10,10,21,10,25,0,3,296,0,0,1,0,0,650,0,0,2014,7,6
70,62,54,55,54,52,93,76,59,29.94,29.9,29.85,10,10,10,23,9,35,0,7,314,0,0,1,0,0,650,1,0,2014,7,0
68,63,57,55,54,54,93,78,63,29.93,29.91,29.86,10,10,10,18,9,28,0,5,311,0,0,1,0,0,650,1,0,2014,7,1
71,64,57,56,55,54,93,77,61,29.96,29.91,29.87,10,10,10,20,8,23,0,4,314,0,0,1,0,0,650,1,0,2014,7,2
73,67,60,56,55,54,84,71,57,29.95,29.92,29.88,10,10,10,18,9,22,0,4,270,0,0,1,0,0,650,1,0,2014,7,3
72,67,61,56,54,52,84,69,53,30.08,30.01,29.94,10,10,10,22,13,25,0,5,262,0,0,1,0,0,650,1,0,2014,7,4
70,64,58,55,54,53,80,69,57,30.1,30.07,30.04,10,10,6,23,12,25,0,5,273,0,0,1,0,0,650,0,0,2014,7,5
71,65,58,56,54,53,86,74,61,30.05,29.99,29.89,10,9,6,16,8,21,0,6,280,0,0,1,0,0,650,0,0,2014,7,6
76,67,57,58,55,52,87,70,53,29.94,29.9,29.86,10,10,9,24,9,30,0,3,310,0,0,1,0,0,650,1,0,2014,7,0
77,68,59,61,58,55,90,73,56,30.01,29.97,29.92,10,10,10,20,11,23,0,6,321,0,0,1,0,0,650,1,0,2014,7,1
74,68,62,59,57,56,90,74,57,30.04,30,29.98,10,10,10,23,14,28,0,6,285,0,0,1,0,0,650,1,0,2014,7,2
73,68,63,57,56,55,78,68,57,30.02,29.99,29.97,10,10,10,21,13,24,0,4,275,0,0,1,0,0,650,1,0,2014,7,3
71,67,63,57,56,55,84,73,61,30.03,29.99,29.95,10,10,10,20,12,23,0,6,276,0,0,1,0,0,650,1,0,2014,7,4
72,67,62,58,56,55,84,71,57,29.97,29.96,29.94,10,10,10,20,10,24,0,6,293,0,0,1,0,0,650,0,0,2014,7,5
73,68,62,59,58,57,84,73,61,30,29.97,29.93,10,10,10,20,11,25,0,6,297,0,0,1,0,0,650,0,0,2014,7,6
74,69,63,60,58,56,78,68,57,30.07,30.03,29.98,10,10,10,20,11,22,0,5,293,0,0,1,0,0,650,1,0,2014,7,0
76,70,63,58,57,55,78,64,50,30.12,30.07,30.04,10,10,10,21,10,30,0.01,5,276,0,0,0,1,0,650,1,0,2014,7,1
76,70,63,60,58,56,78,68,57,30.15,30.1,30.05,10,10,10,20,9,23,0,4,266,0,0,1,0,0,650,1,0,2014,7,2
83,73,62,59,57,54,84,63,42,30.05,29.96,29.85,10,10,10,17,7,20,0,2,284,0,0,1,0,0,650,1,0,2014,7,3
90,75,60,59,56,45,84,53,22,29.89,29.86,29.83,10,10,8,18,8,22,0,0,293,0,0,1,0,0,650,1,0,2014,7,4
77,69,61,58,56,55,78,66,53,29.96,29.92,29.88,10,10,9,21,11,23,0,2,310,0,0,1,0,0,650,0,0,2014,7,5
78,70,61,58,57,56,84,67,50,30,29.96,29.93,10,10,9,23,11,25,0,4,307,0,0,1,0,0,650,0,0,2014,7,6
72,67,61,57,56,55,84,71,57,30.06,30.03,29.99,10,10,10,21,10,24,0,6,316,0,0,1,0,0,650,1,0,2014,7,0
76,68,60,58,56,55,84,67,50,30.06,30.03,29.99,10,10,10,20,11,22,0,2,303,0,0,1,0,0,650,1,0,2014,7,1
73,66,59,57,56,55,84,71,57,30.02,29.99,29.95,10,10,10,21,11,24,0,4,305,0,0,1,0,0,650,1,0,2014,7,2
71,65,59,57,56,55,87,72,57,30,29.95,29.89,10,10,9,17,9,22,0,5,307,0,0,1,0,0,650,1,0,2014,7,3
72,65,58,59,56,54,90,74,57,29.94,29.91,29.88,10,9,7,18,9,22,0,3,305,0,0,1,0,0,650,1,0,2014,8,4
68,64,60,56,55,54,84,76,67,29.97,29.94,29.91,10,10,9,18,10,23,0,6,293,0,0,1,0,0,650,0,0,2014,8,5
69,65,61,56,55,54,84,72,59,29.98,29.95,29.93,10,10,10,18,11,29,0,7,274,0,0,1,0,0,650,0,0,2014,8,6
73,67,61,56,55,54,84,71,57,30.01,29.98,29.94,10,10,10,17,10,21,0,7,281,0,0,1,0,0,650,1,0,2014,8,0
74,68,62,59,57,55,84,71,57,30.08,30.03,30.01,10,10,10,20,7,26,0,7,294,0,0,1,0,0,650,1,0,2014,8,1
78,69,60,61,59,55,87,71,54,30.03,30,29.96,10,10,10,20,8,36,0,6,299,0,0,0,1,0,650,1,0,2014,8,2
69,65,60,56,55,54,84,73,61,29.99,29.96,29.92,10,10,8,18,7,29,0,5,291,0,0,1,0,0,650,1,0,2014,8,3
73,66,58,55,54,52,84,69,53,29.94,29.92,29.88,10,9,7,20,11,28,0,3,274,0,0,1,0,0,650,1,0,2014,8,4
67,63,59,55,54,53,80,74,67,30,29.96,29.91,10,10,9,21,12,31,0,6,255,0,0,1,0,0,650,0,0,2014,8,5
73,67,60,56,55,54,84,71,57,30.02,29.98,29.94,10,10,10,22,9,36,0,6,262,0,0,1,0,0,650,0,0,2014,8,6
73,67,61,57,56,55,84,69,53,29.97,29.94,29.9,10,10,10,18,9,22,0,4,305,0,0,1,0,0,650,1,0,2014,8,0
74,68,61,56,55,53,78,66,53,30,29.96,29.93,10,10,10,20,10,31,0,6,275,0,0,1,0,0,650,1,0,2014,8,1
75,68,60,57,55,54,84,69,53,30.02,29.97,29.94,10,10,10,21,9,24,0,5,276,0,0,1,0,0,650,1,0,2014,8,2
73,66,59,57,56,55,84,71,57,29.98,29.95,29.9,10,10,10,20,9,26,0,5,315,0,0,1,0,0,650,1,0,2014,8,3
74,66,58,57,56,54,87,70,53,30.02,29.98,29.95,10,10,8,18,9,39,0,4,323,0,0,1,0,0,650,1,0,2014,8,4
73,67,60,57,56,55,84,73,61,30.06,30.01,29.97,10,10,10,20,9,23,0,4,305,0,0,1,0,0,650,0,0,2014,8,5
72,65,58,57,55,54,84,73,61,30.05,30,29.93,10,10,10,21,10,24,0,5,293,0,0,1,0,0,650,0,0,2014,8,6
68,64,60,57,55,55,84,76,68,29.93,29.88,29.84,10,10,9,22,11,28,0,7,271,0,0,1,0,0,650,1,0,2014,8,0
74,67,60,57,56,55,84,71,57,29.88,29.85,29.81,10,10,9,21,10,23,0,5,266,0,0,0,1,0,650,1,0,2014,8,1
73,68,62,57,56,55,84,71,57,29.94,29.9,29.86,10,10,10,18,10,28,0,5,263,0,0,1,0,0,650,1,0,2014,8,2
75,68,61,59,57,56,84,71,57,29.97,29.94,29.91,10,10,10,20,8,23,0,4,298,0,0,1,0,0,650,1,0,2014,8,3
75,69,62,59,57,55,90,74,57,29.95,29.93,29.91,10,10,10,21,8,28,0,5,273,0,0,1,0,0,650,1,0,2014,8,4
75,68,60,56,55,53,78,64,49,29.97,29.91,29.86,10,10,10,16,9,20,0,3,269,0,0,1,0,0,650,0,0,2014,8,5
74,67,59,56,55,54,84,69,53,29.92,29.87,29.82,10,10,10,21,11,23,0,4,291,0,0,1,0,0,650,0,0,2014,8,6
72,68,63,56,55,54,73,63,53,29.96,29.89,29.85,10,10,10,18,11,24,0,5,265,0,0,1,0,0,650,1,0,2014,8,0
75,69,62,57,55,53,78,64,49,30.03,29.99,29.95,10,10,10,18,9,23,0,2,284,0,0,1,0,0,650,1,0,2014,8,1
77,68,59,59,57,55,84,69,54,30.07,30.04,30,10,10,8,21,9,22,0,1,302,0,0,1,0,0,650,1,0,2014,8,2
75,68,60,59,57,55,90,74,57,30.08,30.03,29.94,10,10,10,20,9,22,0,4,296,0,0,1,0,0,650,1,0,2014,8,3
72,67,61,58,57,55,84,75,66,29.98,29.94,29.9,10,10,10,21,7,24,0,7,272,0,0,1,0,0,650,1,0,2014,8,4
77,68,59,60,58,56,87,71,54,29.93,29.9,29.87,10,10,10,18,8,21,0,3,267,1,0,0,0,0,650,0,0,2014,8,5
76,69,61,59,57,54,84,69,54,29.95,29.9,29.85,10,10,10,17,8,28,0,3,279,0,0,1,0,0,650,0,0,2014,8,6
83,70,57,58,56,52,86,64,42,29.86,29.82,29.76,10,10,8,16,7,20,0,0,290,0,0,1,0,0,650,0,1,2014,9,0
72,66,60,58,57,55,84,73,61,29.87,29.82,29.79,10,10,7,21,8,25.14942529,0,5,290,0,0,1,0,0,650,1,0,2014,9,1
76,69,61,57,56,55,84,69,53,29.81,29.76,29.72,10,10,10,21,8,24,0,4,276,0,0,1,0,0,650,1,0,2014,9,2
74,68,61,57,57,56,84,71,57,29.81,29.76,29.72,10,10,8,22,8,25,0,5,301,0,0,1,0,0,650,1,0,2014,9,3
72,66,60,57,56,54,84,71,57,29.92,29.87,29.81,10,9,7,18,8,32,0,4,309,0,0,1,0,0,650,1,0,2014,9,4
72,66,60,55,54,52,84,69,53,29.98,29.93,29.89,10,9,7,17,9,30,0,4,290,0,0,1,0,0,650,0,0,2014,9,5
72,66,60,54,53,45,78,66,53,29.92,29.87,29.82,10,10,10,18,10,28,0,3,293,0,0,1,0,0,650,0,0,2014,9,6
68,64,59,52,51,50,72,64,55,29.96,29.9,29.86,10,10,10,18,12,22,0,4,272,0,0,1,0,0,650,1,0,2014,9,0
72,65,57,56,53,52,87,72,57,30.01,29.96,29.91,10,10,10,17,7,21,0,5,270,0,0,1,0,0,650,1,0,2014,9,1
82,68,54,59,56,51,93,66,39,29.96,29.9,29.83,10,9,5,16,5,20,0,1,283,0,0,1,0,0,650,1,0,2014,9,2
83,70,57,59,57,50,90,62,33,29.91,29.87,29.82,10,8,2,20,7,22,0,2,312,0,0,1,0,0,650,1,0,2014,9,3
77,67,57,59,56,54,87,69,50,29.91,29.85,29.8,10,9,6,15,8,23,0,1,299,0,0,1,0,0,650,1,0,2014,9,4
75,67,59,59,57,55,84,71,57,29.87,29.83,29.78,10,10,9,22,8,33,0,4,306,0,0,1,0,0,650,0,0,2014,9,5
74,67,60,57,56,55,84,69,53,29.87,29.84,29.81,10,10,9,18,8,28,0,2,295,0,0,1,0,0,650,0,0,2014,9,6
77,70,62,58,56,53,84,64,43,29.94,29.9,29.85,10,10,10,18,9,49,0,3,281,0,0,1,0,0,650,1,0,2014,9,0
78,68,58,60,57,54,87,67,47,29.95,29.89,29.81,10,10,8,18,7,21,0,4,276,0,0,1,0,0,650,1,0,2014,9,1
77,69,61,64,58,55,84,67,50,29.83,29.8,29.75,10,10,9,21,9,29,0,5,267,0,0,0,1,0,650,1,0,2014,9,2
78,70,61,65,62,58,87,71,54,29.9,29.84,29.78,10,10,6,20,9,29,0,5,242,0,0,0,1,0,650,1,0,2014,9,3
73,66,59,61,60,59,93,79,64,29.93,29.9,29.86,10,10,8,23,7,31,0,5,295,0,0,1,0,0,650,1,0,2014,9,4
71,67,63,60,59,57,90,79,68,29.95,29.92,29.89,10,10,10,20,9,23,0,6,296,0,0,1,0,0,650,0,0,2014,9,5
69,67,64,59,58,57,78,72,66,30.02,29.99,29.94,10,10,10,22,11,28,0,8,269,0,0,1,0,0,650,0,0,2014,9,6
75,69,63,58,57,55,78,66,53,30.04,30,29.96,10,10,10,18,9,21,0,4,277,0,0,1,0,0,650,1,0,2014,9,0
75,69,63,63,59,57,87,76,64,30.02,29.97,29.93,10,10,7,18,8,23,0,5,276,0,0,0,1,0,650,1,0,2014,9,1
77,71,65,63,62,60,87,74,60,29.97,29.94,29.89,10,9,5,20,9,26,0.01,6,267,0,0,0,1,0,650,1,0,2014,9,2
72,65,58,59,57,56,100,79,57,30.02,29.96,29.91,10,8,2,21,6,24,0.43,6,288,0,0,0,1,0,650,1,0,2014,9,3
73,67,60,59,57,54,90,72,53,30.01,29.96,29.9,10,10,10,25,9,29,0,4,290,0,0,1,0,0,650,1,0,2014,9,4
71,63,55,59,56,52,93,75,57,29.94,29.89,29.84,10,10,10,18,9,24,0,3,248,0,0,1,0,0,650,0,0,2014,9,5
72,67,61,57,56,55,84,73,61,29.96,29.89,29.83,10,10,10,15,7,17,0,6,219,0,0,1,0,0,650,0,0,2014,9,6
69,63,57,57,56,55,90,77,63,30.05,29.99,29.96,10,10,8,20,8,28,0,5,278,0,0,1,0,0,650,1,0,2014,9,0
73,65,57,58,57,54,90,74,57,30.05,29.95,29.85,10,10,9,16,7,18,0,4,253,0,0,1,0,0,650,1,0,2014,9,1
83,68,53,60,51,40,93,58,22,29.98,29.9,29.85,10,10,8,15,4,31,0,1,283,0,0,1,0,0,650,1,0,2014,10,2
87,70,52,61,48,42,72,51,29,30.04,29.99,29.94,10,10,9,14,6,18,0,0,309,0,0,1,0,0,650,1,0,2014,10,3
89,72,55,59,49,42,72,47,21,30.1,30.04,29.99,10,10,10,15,5,20,0,0,289,0,0,1,0,0,650,1,0,2014,10,4
92,74,55,55,46,40,73,46,19,30.04,29.99,29.92,10,10,10,14,4,17,0,1,323,0,0,1,0,0,650,0,0,2014,10,5
88,71,53,57,52,45,84,55,26,29.97,29.92,29.87,10,10,10,15,5,35,0,1,317,0,0,1,0,0,650,0,0,2014,10,6
83,68,52,60,55,50,93,65,36,29.94,29.9,29.84,10,10,7,15,6,62,0,1,298,1,0,0,0,0,650,1,0,2014,10,0
73,62,51,58,54,50,96,77,57,29.95,29.9,29.86,10,9,2,18,7,21,0,2,296,1,0,0,0,0,650,1,0,2014,10,1
75,64,52,59,55,51,93,73,53,29.93,29.89,29.85,10,9,7,16,5,17,0,1,310,0,0,1,0,0,650,1,0,2014,10,2
66,62,57,56,55,53,93,80,67,30.01,29.96,29.92,10,10,10,17,9,20,0,4,288,0,0,1,0,0,650,1,0,2014,10,3
66,61,56,55,54,52,93,80,67,30.08,30.03,30,10,10,10,18,9,28,0,6,273,0,0,1,0,0,650,1,0,2014,10,4
73,64,55,57,54,52,93,71,49,30.08,30.02,29.97,10,10,9,13,6,15,0,4,265,0,0,1,0,0,650,0,0,2014,10,5
86,69,51,62,51,31,93,53,13,29.99,29.95,29.89,10,10,10,13,4,18,0,0,284,0,0,1,0,0,650,0,0,2014,10,6
83,67,50,56,46,34,87,53,19,29.97,29.93,29.91,10,10,8,17,6,33,0,1,347,0,0,1,0,0,650,0,1,2014,10,0
72,65,58,57,55,54,87,70,53,29.95,29.89,29.83,10,10,8,26,9,32,0,6,206,0,0,1,0,0,650,1,0,2014,10,1
71,63,54,57,55,53,86,72,57,30.04,29.97,29.86,10,10,9,21,8,28,0,6,225,0,0,0,1,0,650,1,0,2014,10,2
71,61,51,56,51,45,93,68,42,30.05,29.99,29.95,10,10,10,18,6,22,0,5,313,0,0,1,0,0,650,1,0,2014,10,3
73,62,51,57,50,47,89,65,41,29.98,29.95,29.92,10,10,10,12,4,17,0,5,142,0,0,1,0,0,650,1,0,2014,10,4
75,65,54,58,54,49,84,64,43,30,29.94,29.88,10,10,10,17,6,28,0,2,285,0,0,1,0,0,650,0,0,2014,10,5
71,63,55,61,57,52,93,80,66,29.93,29.9,29.87,10,10,9,20,7,22,0,3,300,0,0,1,0,0,650,0,0,2014,10,6
70,62,54,59,55,51,78,68,57,30.06,29.97,29.91,10,9,2,18,9,22,0.01,5,250,0,0,0,1,0,650,1,0,2014,10,0
70,60,49,53,49,43,83,60,37,30.11,30.06,30.02,10,10,10,20,7,36,0,1,307,0,0,1,0,0,650,1,0,2014,10,1
71,60,49,57,52,46,86,72,57,30.09,30.05,30.02,10,10,10,15,5,17,0,4,281,0,0,1,0,0,650,1,0,2014,10,2
72,64,55,59,56,53,93,75,57,30.08,30.02,29.97,10,10,10,14,4,15,0.01,5,302,1,0,0,0,0,650,1,0,2014,10,3
71,64,56,57,54,50,83,71,59,29.98,29.94,29.89,10,10,10,18,9,26,0,2,184,0,0,1,0,0,650,1,0,2014,10,4
70,65,60,59,56,54,90,76,61,30.14,30.02,29.89,10,10,4,25,13,30,0.23,6,208,0,0,0,1,0,650,0,0,2014,10,5
69,60,50,55,49,43,93,66,39,30.18,30.12,30.06,10,10,10,18,7,21,0,1,324,0,0,1,0,0,650,0,0,2014,10,6
67,57,47,52,48,42,86,69,52,30.08,30.05,30.01,10,10,10,12,4,14,0,2,300,0,0,1,0,0,650,1,0,2014,10,0
71,60,48,55,50,45,93,70,47,30.13,30.09,30.06,10,10,10,15,6,17,0,1,325,1,0,0,0,0,650,1,0,2014,10,1
77,64,50,58,53,49,89,63,36,30.12,30.06,29.98,10,10,10,15,4,17,0,1,285,0,0,1,0,0,650,1,0,2014,10,2
71,63,54,57,53,47,84,74,63,29.96,29.92,29.89,10,10,10,16,6,26,0,5,270,0,0,1,0,0,650,1,0,2014,10,3
64,61,57,58,54,49,87,80,72,29.91,29.84,29.73,10,8,2,18,8,24,0.32,8,224,0,0,0,1,0,650,1,0,2014,10,4
64,56,48,51,48,44,83,72,60,30.04,29.9,29.75,10,10,10,22,9,24,0,4,270,0,0,1,0,0,650,0,0,2014,11,5
66,55,44,50,45,42,93,71,48,30.17,30.13,30.05,10,10,10,21,4,24,0,1,281,0,0,1,0,0,650,0,0,2014,11,6
66,55,44,52,46,40,86,63,40,30.27,30.22,30.17,10,10,10,15,5,16,0,4,281,0,0,1,0,0,650,1,0,2014,11,0
69,58,46,54,49,44,93,68,42,30.33,30.27,30.23,10,10,7,12,4,14,0,2,297,1,0,0,0,0,650,1,0,2014,11,1
72,60,48,54,49,43,77,61,44,30.23,30.15,30.08,10,10,10,7,3,8,0,2,202,0,0,1,0,0,650,1,0,2014,11,2
72,61,50,56,52,46,93,69,44,30.22,30.19,30.14,10,10,7,13,4,15,0,3,295,0,0,1,0,0,650,1,0,2014,11,3
70,60,50,58,54,48,100,81,61,30.24,30.18,30.1,10,5,0,13,4,15,0.01,3,332,1,0,0,0,0,650,1,0,2014,11,4
72,61,50,59,53,48,100,79,57,30.13,30.08,30.01,10,7,0,8,2,20,0,3,265,1,0,0,0,0,650,0,0,2014,11,5
70,59,48,57,53,46,100,81,61,30.02,29.92,29.83,10,10,6,15,4,17,0,1,299,1,0,0,0,0,650,0,0,2014,11,6
65,56,47,57,52,46,100,86,72,29.86,29.83,29.8,10,5,0,16,5,18,0.01,3,316,1,0,0,0,0,650,1,0,2014,11,0
66,62,58,54,49,47,80,68,56,29.98,29.92,29.86,10,10,10,15,9,21,0,7,233,0,0,1,0,0,650,0,1,2014,11,1
66,61,56,49,46,44,64,56,48,30.04,29.99,29.97,10,10,4,10,4,16,0.11,7,258,0,0,0,1,0,650,1,0,2014,11,2
64,60,55,59,56,50,93,86,78,30.08,30.01,29.93,10,7,1,17,7,22,0.2,7,211,0,0,0,1,0,650,1,0,2014,11,3
65,57,49,58,53,49,96,82,67,30.12,30.09,30.07,10,9,4,16,6,20,0,4,273,1,0,0,0,0,650,1,0,2014,11,4
64,55,46,54,49,44,93,78,63,30.19,30.14,30.09,10,10,10,8,3,13,0,2,300,0,0,1,0,0,650,0,0,2014,11,5
65,56,47,46,32,19,93,56,18,30.27,30.23,30.18,10,10,10,15,5,28,0,4,54,0,0,1,0,0,650,0,0,2014,11,6
67,57,47,42,36,25,77,50,22,30.25,30.17,30.11,10,10,10,16,6,22,0,4,87,0,0,1,0,0,650,1,0,2014,11,0
62,54,46,45,41,36,66,55,43,30.14,30.1,30.05,10,10,9,13,5,20,0,7,68,0,0,1,0,0,650,1,0,2014,11,1
61,57,52,57,51,41,93,75,57,30.14,30.06,30,10,8,2,22,6,25,0.15,8,142,0,0,0,1,0,650,1,0,2014,11,2
59,55,51,55,53,49,100,93,86,30.12,30.06,29.99,10,5,0,15,4,21,0.66,7,98,0,1,0,0,0,650,1,0,2014,11,3
61,56,51,54,51,48,96,83,69,30.14,30.09,30.04,10,9,6,9,4,31,0,7,78,0,0,1,0,0,650,1,0,2014,11,4
65,59,53,61,54,45,93,80,66,30.25,30.12,30.06,10,7,1,20,10,23,0.26,6,213,0,0,0,1,0,650,0,0,2014,11,5
62,52,42,47,43,39,83,66,48,30.35,30.3,30.25,10,10,10,8,2,18,0,3,278,0,0,1,0,0,650,0,0,2014,11,6
62,51,40,47,41,36,83,63,42,30.42,30.37,30.32,10,10,10,7,2,21,0,1,300,0,0,1,0,0,650,1,0,2014,11,0
73,57,41,52,44,38,83,71,58,30.47,30.4,30.33,10,10,8,13,4,15,0,1,147,0,0,1,0,0,650,1,0,2014,11,1
65,55,45,52,46,40,86,73,60,30.32,30.26,30.2,10,9,6,10,3,37,0,2,355,0,0,1,0,0,650,1,0,2014,11,2
65,54,42,51,47,42,93,78,63,30.19,30.12,30.06,9,6,0,12,2,28,0,3,337,1,0,0,0,0,650,0,1,2014,11,3
62,52,42,52,49,42,100,84,67,30.06,29.98,29.87,10,6,1,13,6,17,0,5,161,0,1,0,0,0,650,1,0,2014,11,4
64,59,54,55,53,49,93,83,72,29.87,29.82,29.75,10,10,6,14,7,18,0.08,7,135,0,0,0,1,0,650,0,0,2014,11,5
60,56,52,58,54,51,100,88,75,30.03,29.88,29.74,10,9,4,16,4,31,0.32,7,84,0,0,0,1,0,650,0,0,2014,11,6
66,60,53,57,55,52,100,84,67,30.12,30.04,29.96,10,10,7,15,4,17,0,6,53,0,0,0,1,0,650,1,0,2014,12,0
61,58,54,56,54,52,100,90,80,29.95,29.77,29.69,10,8,2,21,9,25,1.18,8,102,0,0,0,1,0,650,1,0,2014,12,1
64,61,58,59,57,55,93,86,78,29.89,29.78,29.71,10,7,2,35,12,41,1.43,7,151,0,0,0,1,0,650,1,0,2014,12,2
65,60,55,58,56,55,100,87,73,30.02,29.94,29.88,10,8,0,14,5,20,0.01,6,160,0,1,0,0,0,650,1,0,2014,12,3
67,60,53,58,56,53,100,87,73,30.08,30.03,29.99,10,9,3,23,8,28,0.1,7,139,0,0,0,1,0,650,1,0,2014,12,4
66,62,57,59,57,55,93,86,78,30.23,30.18,30.09,10,10,7,16,6,20,0.11,7,129,0,1,0,0,0,650,0,0,2014,12,5
64,58,52,57,54,52,100,86,72,30.22,30.18,30.14,10,8,4,12,3,21,0.01,6,110,1,0,0,0,0,650,0,0,2014,12,6
68,60,51,56,53,50,96,80,63,30.19,30.16,30.13,10,10,10,9,4,12,0,6,65,0,0,1,0,0,650,1,0,2014,12,0
65,59,53,57,54,51,93,83,73,30.22,30.15,30.08,10,8,4,12,2,31,0,7,356,1,0,0,0,0,650,1,0,2014,12,1
64,59,54,56,54,53,100,86,72,30.08,29.94,29.73,10,6,0,32,10,39,0,8,119,0,1,0,0,0,650,1,0,2014,12,2
64,57,50,57,53,48,93,80,67,29.7,29.63,29.52,10,6,1,36,14,45,3.12,8,162,0,0,0,1,0,650,1,0,2014,12,3
56,53,49,51,48,46,96,87,77,30.09,29.87,29.68,10,9,4,9,3,10,0.48,7,105,0,0,0,1,0,650,1,0,2014,12,4
57,52,46,48,46,44,100,86,72,30.24,30.18,30.09,10,10,7,8,3,25,0,4,63,0,0,1,0,0,650,0,0,2014,12,5
61,54,47,48,45,43,89,72,55,30.15,30.06,29.99,10,10,7,14,6,16,0.19,7,94,0,0,0,1,0,650,0,0,2014,12,6
56,53,49,51,48,46,93,85,77,29.98,29.9,29.84,10,8,2,23,14,31,1.09,8,125,0,0,0,1,0,650,1,0,2014,12,0
61,56,50,52,49,46,93,80,67,29.96,29.91,29.83,10,9,2,21,11,24,0.65,7,135,0,0,0,1,0,650,1,0,2014,12,1
59,54,49,51,49,46,93,83,72,30.09,30.03,29.95,10,10,6,17,8,22,0.13,7,127,0,0,0,1,0,650,1,0,2014,12,2
61,56,51,51,49,48,89,81,72,30.2,30.13,30.07,10,10,8,13,6,15,0,7,119,0,0,0,1,0,650,1,0,2014,12,3
57,56,54,54,52,50,93,85,77,30.17,30.14,30.11,10,8,1,23,12,30,0.25,8,144,0,0,0,1,0,650,1,0,2014,12,4
60,57,54,56,54,52,100,89,78,30.26,30.19,30.13,10,7,2,13,4,16,0,7,160,0,0,0,1,0,650,0,0,2014,12,5
64,60,55,58,56,54,100,92,84,30.33,30.28,30.25,10,6,0,13,6,24,0.09,6,197,0,1,0,0,0,650,0,0,2014,12,6
63,57,51,56,54,50,100,89,78,30.3,30.25,30.19,10,4,0,8,3,24,0,4,266,1,0,0,0,0,650,1,0,2014,12,0
65,56,47,55,51,46,100,84,67,30.23,30.17,30.13,10,9,6,9,3,14,0,0,321,1,0,0,0,0,650,1,0,2014,12,1
61,55,48,54,49,36,100,80,59,30.12,30.05,29.97,10,7,0,28,11,33,0.02,6,303,0,1,0,0,0,650,1,0,2014,12,2
59,52,45,38,35,26,70,50,30,30.16,30.11,30.06,10,10,10,20,10,26,0,0,338,0,0,1,0,0,650,0,1,2014,12,3
60,50,39,34,30,26,67,49,30,30.27,30.19,30.1,10,10,10,17,7,23,0,0,8,0,0,1,0,0,650,1,0,2014,12,4
55,47,38,38,34,30,82,62,41,30.39,30.34,30.27,10,10,10,12,5,13,0,3,88,0,0,1,0,0,650,0,0,2014,12,5
55,47,39,48,41,36,86,75,64,30.37,30.29,30.24,10,10,9,10,4,14,0,3,176,0,0,1,0,0,650,0,0,2014,12,6
55,49,42,46,42,37,92,76,59,30.24,30.18,30.12,10,10,7,13,3,16,0,4,318,1,0,0,0,0,650,1,0,2014,12,0
55,47,38,37,23,14,82,53,24,30.25,30.16,30.11,10,10,10,41,17,53,0,0,1,0,0,1,0,0,650,1,0,2014,12,1
59,48,36,36,17,5,67,41,15,30.27,30.17,30.07,10,10,10,21,7,28,0,1,8,0,0,1,0,0,650,1,0,2014,12,2
56,47,38,27,20,14,54,37,20,30.18,30.13,30.07,10,10,10,23,8,28,0,1,40,0,0,1,0,0,650,0,1,2015,1,3
50,41,32,36,30,25,76,64,52,30.23,30.18,30.13,10,10,9,8,4,10,0,1,63,0,0,1,0,0,650,1,0,2015,1,4
53,43,32,38,34,28,82,66,50,30.33,30.26,30.2,10,10,8,12,2,14,0,1,305,0,0,1,0,0,650,0,0,2015,1,5
54,45,35,42,37,33,85,72,59,30.44,30.38,30.32,10,8,6,14,3,17,0,5,154,0,0,1,0,0,650,0,0,2015,1,6
56,46,36,43,38,32,85,68,50,30.39,30.32,30.23,10,9,6,8,3,9,0,4,170,0,0,1,0,0,650,1,0,2015,1,0
59,49,38,44,39,36,92,72,51,30.29,30.22,30.17,10,8,5,8,2,12,0,0,224,0,0,1,0,0,650,1,0,2015,1,1
64,51,38,47,42,37,92,69,46,30.23,30.15,30.08,10,10,8,8,2,9,0,1,235,0,0,1,0,0,650,1,0,2015,1,2
61,52,42,48,45,38,92,76,60,30.1,30.05,30.01,10,8,5,8,2,9,0,6,332,0,0,1,0,0,650,1,0,2015,1,3
63,55,46,50,47,45,96,74,52,30.04,30,29.97,10,7,3,9,4,12,0,7,299,0,0,1,0,0,650,1,0,2015,1,4
60,54,47,52,49,45,93,83,72,30.05,30,29.96,10,7,4,8,3,10,0,6,280,1,0,0,0,0,650,0,0,2015,1,5
57,50,42,50,46,42,96,87,77,30.18,30.09,30.02,10,6,0,8,3,25,0,5,143,1,0,0,0,0,650,0,0,2015,1,6
57,49,41,50,46,41,96,87,77,30.28,30.22,30.19,10,7,0,8,2,10,0,3,246,1,0,0,0,0,650,1,0,2015,1,0
66,55,43,48,43,37,100,69,37,30.23,30.18,30.12,10,6,0,16,3,21,0,2,135,1,0,0,0,0,650,1,0,2015,1,1
59,49,39,47,43,36,93,78,62,30.3,30.22,30.16,10,7,4,12,3,13,0,3,47,0,0,1,0,0,650,1,0,2015,1,2
59,50,40,49,45,39,100,84,67,30.34,30.28,30.23,6,4,0,13,4,16,0,5,287,1,0,0,0,0,650,1,0,2015,1,3
57,50,43,52,48,43,96,84,72,30.3,30.26,30.23,8,4,2,10,3,12,0,6,349,0,1,0,0,0,650,1,0,2015,1,4
57,53,48,52,49,46,96,84,72,30.3,30.26,30.21,10,7,4,12,5,15,0,5,188,0,0,1,0,0,650,0,0,2015,1,5
65,57,49,55,52,48,100,87,73,30.34,30.29,30.26,10,5,0,13,4,14,0,6,302,1,0,0,0,0,650,0,0,2015,1,6
63,55,47,54,50,45,93,77,60,30.32,30.25,30.18,10,9,4,14,5,16,0,5,9,0,0,1,0,0,650,0,1,2015,1,0
58,52,45,49,47,42,100,86,72,30.18,30.12,30.06,10,6,0,7,2,9.888888889,0,2,282,1,0,0,0,0,650,1,0,2015,1,1
61,51,40,45,41,37,92,73,53,30.18,30.13,30.08,10,10,8,14,5,16,0,1,42,0,0,1,0,0,650,1,0,2015,1,2
60,51,41,46,42,36,89,73,57,30.35,30.28,30.19,10,9,6,14,6,18,0,2,83,0,0,1,0,0,650,1,0,2015,1,3
64,52,39,48,42,38,89,66,43,30.37,30.31,30.23,10,9,5,10,3,15,0,1,302,0,0,1,0,0,650,1,0,2015,1,4
69,58,46,47,44,37,93,63,33,30.24,30.17,30.1,10,9,7,22,7,26,0,0,2,0,0,1,0,0,650,0,0,2015,1,5
59,50,40,45,41,37,86,70,53,30.15,30.09,30.01,10,10,7,9,4,12,0,0,47,0,0,1,0,0,650,0,0,2015,1,6
61,51,41,49,44,38,92,72,51,30.05,30.01,29.97,10,10,9,9,3,14,0,5,310,0,0,1,0,0,650,1,0,2015,1,0
67,57,47,49,46,43,83,64,44,30.27,30.17,30.03,10,10,10,12,4,13,0,6,9,0,0,1,0,0,650,1,0,2015,1,1
63,53,43,51,46,42,93,73,52,30.28,30.22,30.17,10,10,6,9,3,12,0,2,265,1,0,0,0,0,650,1,0,2015,1,2
64,53,42,51,48,41,96,81,65,30.17,30.12,30.07,10,8,6,8,3,14,0,1,273,1,0,0,0,0,650,1,0,2015,1,3
62,54,46,52,48,44,100,87,67,30.06,29.99,29.91,10,8,5,16,5,17,0,3,269,1,0,0,0,0,650,1,0,2015,1,4
73,59,44,48,40,28,100,61,22,30.06,29.97,29.91,10,10,7,15,4,20,0,1,276,1,0,0,0,0,650,0,0,2015,1,5
65,53,40,48,42,37,83,62,40,30.19,30.13,30.06,10,10,9,12,3,14,0,5,284,0,0,1,0,0,650,0,0,2015,2,6
65,54,43,51,47,41,100,83,65,30.2,30.14,30.09,10,8,6,9,3,12,0,4,268,0,0,1,0,0,650,1,0,2015,2,0
67,57,47,52,50,47,93,76,58,30.14,30.09,30.05,10,9,6,13,3,15,0,5,276,0,0,1,0,0,650,1,0,2015,2,1
64,55,46,53,50,45,100,86,72,30.09,30.06,30.02,10,6,0,15,5,17,0,5,254,1,0,0,0,0,650,1,0,2015,2,2
63,56,48,50,48,46,89,75,60,30.05,29.98,29.9,10,10,8,28,6,35,0,7,141,0,0,1,0,0,650,1,0,2015,2,3
63,61,58,58,54,47,93,77,60,29.93,29.85,29.8,10,6,2,33,22,40,0.91,8,150,0,0,0,1,0,650,1,0,2015,2,4
64,59,54,61,57,52,93,89,84,30.08,30.02,29.93,10,9,4,28,6,35,0.03,6,182,0,0,0,1,0,650,0,0,2015,2,5
63,58,53,57,55,52,93,83,72,30.06,29.95,29.89,10,8,1,36,15,44,0.99,7,156,0,0,0,1,0,650,0,0,2015,2,6
64,57,49,55,52,45,89,78,67,30.27,30.2,30.08,10,10,7,22,8,26,0,4,229,0,0,1,0,0,650,1,0,2015,2,0
63,54,44,50,45,41,93,71,49,30.23,30.17,30.1,10,10,10,12,4,14,0,3,292,1,0,0,0,0,650,1,0,2015,2,1
64,53,42,50,46,41,96,78,60,30.19,30.15,30.11,10,10,10,8,3,10,0,4,210,0,0,1,0,0,650,1,0,2015,2,2
69,58,47,53,48,44,83,68,52,30.22,30.17,30.13,10,10,10,9,2,17,0,3,278,0,0,1,0,0,650,1,0,2015,2,3
70,58,46,54,50,43,89,70,51,30.17,30.1,30.06,10,10,10,10,3,13,0,1,304,0,0,1,0,0,650,1,0,2015,2,4
71,59,47,54,50,46,96,75,53,30.12,30.07,30.03,10,10,10,12,4,14,0,1,324,0,0,1,0,0,650,0,0,2015,2,5
70,58,45,52,47,41,93,67,40,30.06,30.01,29.97,10,10,10,9,3,13,0,2,206,0,0,1,0,0,650,0,0,2015,2,6
71,59,46,54,49,42,93,73,53,30.04,30,29.96,10,9,6,17,6,20,0,3,313,0,0,1,0,0,650,0,1,2015,2,0
58,56,53,51,49,45,93,80,66,30.19,30.13,30.04,10,8,4,10,6,13,0,8,281,0,0,1,0,0,650,1,0,2015,2,1
64,57,50,53,49,45,93,79,64,30.24,30.18,30.12,10,10,7,12,5,13,0,4,288,0,0,1,0,0,650,1,0,2015,2,2
61,56,50,52,51,50,96,84,72,30.17,30.13,30.06,10,8,4,14,5,17,0,7,271,0,0,1,0,0,650,1,0,2015,2,3
65,59,52,53,51,47,93,73,52,30.09,30.02,29.94,10,8,4,12,3,15,0,4,220,0,0,1,0,0,650,1,0,2015,2,4
68,57,46,51,47,39,93,67,40,29.98,29.91,29.84,10,10,9,17,5,21,0,2,319,0,0,1,0,0,650,0,0,2015,2,5
67,56,45,48,36,20,100,61,22,29.89,29.86,29.83,10,9,0,24,8,35,0,1,360,1,0,0,0,0,650,0,0,2015,2,6
64,54,44,28,20,12,53,35,17,30.23,30.06,29.89,10,10,10,24,7,31,0,1,353,0,0,1,0,0,650,1,0,2015,2,0
64,50,36,49,37,22,89,58,27,30.37,30.31,30.25,10,10,10,12,5,17,0,2,244,1,0,0,0,0,650,1,0,2015,2,1
65,55,45,50,45,41,93,70,46,30.31,30.23,30.1,10,10,8,17,5,20,0,3,260,0,0,1,0,0,650,1,0,2015,2,2
67,56,45,52,49,43,93,76,58,30.09,30.02,29.92,10,9,6,16,6,21,0,3,259,0,0,1,0,0,650,1,0,2015,2,3
63,56,48,50,46,42,80,68,56,29.92,29.83,29.74,10,10,10,38,19,45,0,2,288,0,0,1,0,0,650,1,0,2015,2,4
59,52,44,46,44,41,92,74,55,29.92,29.81,29.73,10,10,4,22,7,25,0.07,4,257,0,0,0,0,1,650,0,0,2015,2,5
63,54,44,47,41,33,92,64,36,30,29.95,29.91,10,10,10,17,7,21,0,1,294,0,0,1,0,0,650,0,0,2015,3,6
59,52,45,47,44,40,86,69,51,29.99,29.86,29.81,10,10,10,15,5,23,0,5,174,0,0,1,0,0,650,1,0,2015,3,0
64,53,42,47,43,39,89,71,52,30.06,30.01,29.97,10,10,10,16,5,18,0,2,282,0,0,1,0,0,650,1,0,2015,3,1
67,54,41,47,40,35,89,61,32,30.23,30.13,30.04,10,10,10,7,4,9.888888889,0,0,294,0,0,1,0,0,650,1,0,2015,3,2
70,56,42,47,41,36,76,57,37,30.35,30.28,30.24,10,10,10,13,4,17.25,0,0,312,0,0,1,0,0,650,1,0,2015,3,3
71,57,42,50,43,36,83,60,37,30.3,30.23,30.14,10,10,10,10,4,15.33333333,0,0,306,0,0,1,0,0,650,1,0,2015,3,4
71,58,45,52,46,41,89,65,41,30.14,30.08,30.01,10,10,10,13,6,30,0,1,292,0,0,1,0,0,650,0,0,2015,3,5
65,55,44,51,48,43,93,77,60,30.13,30.07,30.01,10,8,5,18,7,21,0,3,285,1,0,0,0,0,650,0,0,2015,3,6
65,57,48,51,49,47,100,82,63,30.08,30.01,29.93,10,9,6,15,6,17,0,5,268,0,0,1,0,0,650,1,0,2015,3,0
63,56,48,52,50,46,100,86,72,30.03,29.96,29.93,10,5,0,25,5,29,0,8,292,1,0,0,0,0,650,1,0,2015,3,1
65,58,51,56,51,43,100,72,44,30.26,30.14,30.01,10,10,8,15,5,17,0.02,5,308,0,0,0,1,0,650,1,0,2015,3,2
73,60,46,54,51,46,100,72,44,30.29,30.22,30.14,10,10,10,14,5,15,0,3,282,0,0,1,0,0,650,1,0,2015,3,3
74,61,48,55,52,47,93,66,38,30.18,30.14,30.08,10,10,10,15,4,20,0,5,291,0,0,1,0,0,650,1,0,2015,3,4
80,66,52,57,52,44,93,66,38,30.12,30.05,29.96,10,10,10,13,5,15,0,6,297,0,0,1,0,0,650,0,0,2015,3,5
69,62,54,53,47,41,83,62,40,30.09,30.04,29.98,10,10,10,20,5,23,0,6,308,0,0,1,0,0,650,0,0,2015,3,6
68,61,53,54,50,46,83,66,48,30.06,30.03,30.01,10,10,10,13,5,14,0,7,281,0,0,1,0,0,650,1,0,2015,3,0
66,59,51,53,49,46,86,69,52,30.14,30.08,30.04,10,10,10,23,9,29,0,5,269,0,0,1,0,0,650,1,0,2015,3,1
68,58,48,51,48,45,93,71,48,30.08,30.05,30.01,10,10,10,17,6,21,0,1,260,0,0,1,0,0,650,1,0,2015,3,2
73,60,47,52,49,43,93,64,35,30.08,30.05,30,10,10,10,18,6,21,0,2,294,0,0,1,0,0,650,1,0,2015,3,3
66,57,48,52,48,41,93,71,49,30.17,30.11,30.06,10,10,10,18,6,22,0,5,292,0,0,1,0,0,650,1,0,2015,3,4
71,63,54,54,53,51,86,70,53,30.19,30.15,30.1,10,10,7,18,6,20,0,7,262,0,0,1,0,0,650,0,0,2015,3,5
66,60,54,56,52,48,93,78,63,30.2,30.16,30.13,10,10,9,18,9,29,0.02,7,197,0,0,0,1,0,650,0,0,2015,3,6
64,59,53,54,49,42,93,71,48,30.32,30.25,30.2,10,10,10,21,10,29,0.05,6,272,0,0,1,0,0,650,1,0,2015,3,0
65,59,53,54,50,43,83,73,63,30.32,30.28,30.23,10,10,7,21,7,23,0,6,286,0,0,1,0,0,650,1,0,2015,3,1
72,60,48,53,50,46,93,70,47,30.25,30.2,30.16,10,10,10,16,6,22,0,1,270,0,0,1,0,0,650,1,0,2015,3,2
80,65,50,56,52,48,93,68,42,30.18,30.12,30.05,10,10,10,14,5,15,0,0,297,0,0,1,0,0,650,1,0,2015,3,3
64,58,52,54,52,49,96,82,67,30.18,30.14,30.09,10,10,10,21,9,23,0,2,295,1,0,0,0,0,650,1,0,2015,3,4
74,61,48,55,49,46,93,69,44,30.2,30.14,30.08,10,10,10,24,6,26,0,2,267,0,0,1,0,0,650,0,0,2015,3,5
73,60,47,52,49,45,93,67,41,30.13,30.08,30.01,10,10,10,18,6,22,0,1,309,0,0,1,0,0,650,0,0,2015,3,6
65,56,47,51,48,44,89,75,60,30.08,30.05,30.02,10,10,7,21,8,23,0,4,270,0,0,1,0,0,650,1,0,2015,3,0
68,62,55,52,47,40,86,64,42,30.19,30.14,30.07,10,10,10,28,16,38,0,1,285,0,0,1,0,0,650,1,0,2015,3,1
65,55,45,45,38,30,80,56,32,30.19,30.14,30.08,10,10,10,24,9,26,0,2,301,0,0,1,0,0,650,1,0,2015,4,2
69,59,48,45,38,29,80,52,24,30.21,30.17,30.13,10,10,10,22,10,26,0,0,312,0,0,1,0,0,650,1,0,2015,4,3
67,56,44,46,42,40,83,63,43,30.24,30.17,30.11,10,10,7,18,8,21,0,0,256,0,0,1,0,0,650,1,0,2015,4,4
64,54,43,47,41,38,93,67,40,30.12,30.05,29.97,10,10,10,26,11,32,0,4,278,0,0,1,0,0,650,0,0,2015,4,5
58,54,50,48,43,38,83,69,54,29.98,29.93,29.91,10,9,2,21,11,24,0.11,5,252,0,0,0,1,0,650,0,0,2015,4,6
63,54,44,43,40,37,83,63,42,29.99,29.93,29.85,10,10,10,25,13,29,0,4,167,0,0,1,0,0,650,1,0,2015,4,0
61,55,48,48,45,40,93,72,51,30.06,29.88,29.77,10,8,4,30,15,40,0.52,6,235,0,0,0,1,0,650,1,0,2015,4,1
63,55,47,50,44,38,86,65,43,30.19,30.13,30.07,10,10,10,16,8,20,0.01,4,299,0,0,0,1,0,650,1,0,2015,4,2
67,55,43,47,43,36,92,63,34,30.09,30.02,29.96,10,10,10,17,6,20,0,4,289,0,0,1,0,0,650,1,0,2015,4,3
66,56,46,48,43,38,89,63,37,30.06,30.03,29.98,10,10,10,16,7,18,0,2,282,0,0,1,0,0,650,1,0,2015,4,4
72,60,47,52,48,43,93,70,47,30.1,30.05,30.01,10,10,10,20,7,23,0,4,279,0,0,1,0,0,650,0,0,2015,4,5
73,61,48,54,49,45,100,70,40,30.06,30.02,29.96,10,10,10,14,6,16,0,1,280,0,0,1,0,0,650,0,0,2015,4,6
62,56,50,50,47,45,89,72,55,30.17,30.09,30.02,10,10,7,29,15,36,0,4,276,0,0,1,0,0,650,1,0,2015,4,0
65,57,48,44,36,27,71,48,25,30.35,30.27,30.16,10,10,10,25,13,29,0,1,313,0,0,1,0,0,650,1,0,2015,4,1
71,59,47,46,39,31,72,50,28,30.23,30.12,30.01,10,10,10,22,8,25,0,1,303,0,0,1,0,0,650,1,0,2015,4,2
81,65,48,48,36,25,80,47,13,30.06,30.02,29.97,10,10,10,22,8,28,0,0,329,0,0,1,0,0,650,1,0,2015,4,3
72,60,48,48,45,40,86,63,40,30.1,30.06,30.02,10,10,10,20,7,23,0,0,293,0,0,1,0,0,650,1,0,2015,4,4
67,58,49,50,48,47,89,69,48,30.07,30.01,29.93,10,10,9,20,9,23,0,3,303,0,0,1,0,0,650,0,0,2015,4,5
63,56,49,50,49,48,93,77,60,29.99,29.95,29.9,10,9,6,20,9,23,0,6,298,0,0,1,0,0,650,0,0,2015,4,6
63,58,53,50,49,48,83,72,60,29.92,29.89,29.85,10,10,10,22,12,24,0,6,277,0,0,1,0,0,650,1,0,2015,4,0
61,57,53,49,48,48,83,74,64,29.93,29.88,29.86,10,10,10,21,14,25,0,7,249,0,0,1,0,0,650,1,0,2015,4,1
66,59,52,49,48,46,89,73,56,29.92,29.88,29.85,10,10,9,22,9,25,0,5,231,0,0,1,0,0,650,1,0,2015,4,2
64,58,52,49,46,45,83,70,56,29.91,29.88,29.86,10,10,7,22,10,24,0,5,234,0,0,1,0,0,650,1,0,2015,4,3
63,58,52,53,47,43,89,69,48,30.03,29.99,29.9,10,10,5,29,19,33,0.08,5,258,0,0,0,1,0,650,1,0,2015,4,4
63,57,51,55,49,44,93,77,60,30.06,29.96,29.89,10,9,6,26,15,31,0.14,6,268,0,0,0,1,0,650,0,0,2015,4,5
69,58,47,51,46,39,83,63,43,30.16,30.1,30.06,10,10,10,20,7,23,0,3,271,0,0,1,0,0,650,0,0,2015,4,6
81,66,50,55,51,47,89,64,38,30.06,30.01,29.94,10,10,10,22,9,25,0,2,270,0,0,1,0,0,650,1,0,2015,4,0
63,58,52,51,49,48,89,77,65,30.08,30.04,30.01,10,10,10,18,9,22,0,6,250,0,0,1,0,0,650,1,0,2015,4,1
66,59,51,48,47,45,89,69,48,30.04,29.99,29.91,10,9,6,20,8,23,0,3,249,0,0,1,0,0,650,1,0,2015,4,2
84,67,49,54,48,42,83,55,26,29.9,29.84,29.77,10,10,8,15,6,22,0,1,296,0,0,1,0,0,650,1,0,2015,4,3
76,65,53,54,51,48,93,71,49,29.92,29.86,29.8,10,10,9,20,9,23,0,2,312,0,0,1,0,0,650,1,0,2015,5,4
65,59,52,50,49,47,89,75,60,29.91,29.88,29.84,10,10,10,20,9,24,0,4,311,0,0,1,0,0,650,0,0,2015,5,5
64,58,52,48,47,46,83,68,52,29.93,29.9,29.86,10,10,10,20,11,23,0,5,274,0,0,1,0,0,650,0,0,2015,5,6
59,55,51,47,46,45,83,73,62,30.01,29.97,29.93,10,10,7,20,11,23,0,7,251,0,0,1,0,0,650,1,0,2015,5,0
62,57,51,47,46,45,83,72,60,29.98,29.95,29.91,10,10,8,18,11,25,0,5,225,0,0,1,0,0,650,1,0,2015,5,1
66,58,50,47,46,44,83,68,52,29.92,29.86,29.81,10,10,7,17,9,20,0,3,218,0,0,1,0,0,650,1,0,2015,5,2
67,57,47,47,45,42,83,64,45,29.81,29.77,29.73,10,10,7,17,6,20,0,5,204,0,0,0,1,0,650,1,0,2015,5,3
65,56,46,49,47,43,86,71,56,30.04,29.89,29.77,10,10,8,18,9,22,0,3,293,0,0,1,0,0,650,1,0,2015,5,4
63,58,52,49,48,46,83,72,60,30.12,30.09,30.06,10,10,10,21,11,23,0,6,263,0,0,1,0,0,650,0,0,2015,5,5
62,57,51,48,47,46,89,75,60,30.1,30.06,29.99,10,10,7,16,9,20,0,6,259,0,0,1,0,0,650,0,0,2015,5,6
62,57,52,49,47,45,83,72,60,29.99,29.95,29.87,10,10,7,28,14,31,0,5,254,0,0,1,0,0,650,1,0,2015,5,0
65,58,51,45,43,41,77,60,43,29.96,29.93,29.87,10,10,10,28,18,33,0,3,275,0,0,1,0,0,650,1,0,2015,5,1
63,57,51,48,44,42,77,63,48,29.99,29.95,29.91,10,10,10,21,12,24,0,5,268,0,0,1,0,0,650,1,0,2015,5,2
66,60,53,50,48,45,77,67,56,29.9,29.85,29.8,10,10,10,18,9,24,0,7,232,0,0,0,1,0,650,1,0,2015,5,3
62,57,52,49,48,46,83,70,56,29.97,29.92,29.86,10,10,10,26,13,32,0,6,269,0,0,1,0,0,650,1,0,2015,5,4
61,57,53,49,48,47,83,74,64,30.04,30,29.95,10,10,10,18,12,26,0,7,250,0,0,1,0,0,650,0,0,2015,5,5
64,59,54,48,48,47,83,72,60,30.06,30.04,30.01,10,10,10,22,13,24,0,7,264,0,0,1,0,0,650,0,0,2015,5,6
60,57,54,49,48,46,77,72,67,30.12,30.08,30.04,10,10,10,22,13,25,0,8,264,0,0,1,0,0,650,1,0,2015,5,0
63,59,54,49,48,48,83,74,64,30.12,30.08,30.01,10,10,10,21,12,23,0,8,257,0,0,1,0,0,650,1,0,2015,5,1
68,61,54,52,49,48,86,75,64,30,29.98,29.95,10,10,5,16,11,21,0,8,249,0,0,0,1,0,650,1,0,2015,5,2
66,60,54,54,52,51,93,78,63,29.99,29.95,29.93,10,9,4,18,10,21,0,7,255,0,0,0,1,0,650,1,0,2015,5,3
62,59,56,52,51,48,83,74,64,30.08,30.02,29.98,10,10,10,21,12,23,0,8,262,0,0,1,0,0,650,1,0,2015,5,4
62,58,53,50,49,48,83,72,60,30.11,30.08,30.04,10,10,9,20,11,23,0,7,238,0,0,1,0,0,650,0,0,2015,5,5
61,57,52,50,49,48,89,78,67,30.06,30.02,29.98,10,10,9,20,11,24,0,7,248,0,0,1,0,0,650,0,0,2015,5,6
63,58,52,50,49,48,89,75,60,30.01,29.98,29.96,10,10,9,20,12,24,0,8,257,0,0,1,0,0,650,0,1,2015,5,0
65,59,53,50,49,48,89,73,56,30.03,30,29.98,10,10,7,18,11,24,0,7,261,0,0,0,1,0,650,1,0,2015,5,1
63,58,53,50,49,48,89,75,60,30.04,30.02,30,10,10,10,21,12,24,0,6,269,0,0,1,0,0,650,1,0,2015,5,2
63,58,52,52,50,48,89,77,65,30.07,30.03,29.99,10,10,10,21,10,23,0,7,267,0,0,1,0,0,650,1,0,2015,5,3
62,57,52,50,49,48,89,79,69,30.02,29.99,29.95,10,10,10,18,10,22,0,7,266,0,0,1,0,0,650,1,0,2015,5,4
66,59,51,52,50,49,93,78,63,29.99,29.95,29.91,10,10,10,24,9,28,0,7,280,0,0,1,0,0,650,0,0,2015,5,5
65,59,52,50,48,46,89,73,56,29.99,29.95,29.92,10,10,7,24,11,28,0,7,267,0,0,1,0,0,650,0,0,2015,5,6
73,65,57,55,53,50,87,68,49,30.06,30.03,29.97,10,9,2,21,10,24,0,6,233,0,0,0,1,0,650,1,0,2015,6,0
65,61,56,55,53,51,93,78,63,30.08,30.04,29.98,10,10,10,20,11,25,0,6,257,0,0,1,0,0,650,1,0,2015,6,1
65,60,55,52,51,50,86,73,60,29.97,29.94,29.88,10,10,10,22,10,25,0,6,237,0,0,1,0,0,650,1,0,2015,6,2
70,62,53,51,50,48,83,67,51,29.87,29.84,29.81,10,10,9,17,9,26,0,4,226,0,0,1,0,0,650,1,0,2015,6,3
69,61,53,54,52,48,93,74,55,29.86,29.83,29.81,10,10,4,22,9,28,0,4,308,0,0,1,0,0,650,1,0,2015,6,4
71,64,56,55,54,53,93,75,57,29.94,29.89,29.85,10,10,10,22,9,28,0,6,314,0,0,1,0,0,650,0,0,2015,6,5
73,65,56,55,54,53,93,73,53,29.94,29.9,29.84,10,10,10,20,8,22,0,4,302,0,0,1,0,0,650,0,0,2015,6,6
88,72,56,57,55,53,87,59,31,29.88,29.84,29.75,10,10,10,20,8,23,0,1,302,0,0,1,0,0,650,1,0,2015,6,0
77,66,55,57,54,52,93,68,43,29.92,29.88,29.82,10,10,10,30,6,32,0,6,294,0,0,1,0,0,650,1,0,2015,6,1
70,64,58,63,58,55,97,88,78,29.94,29.9,29.87,10,9,4,15,6,17,0.18,7,302,0,1,0,0,0,650,1,0,2015,6,2
73,65,57,59,56,54,100,81,61,29.92,29.88,29.82,10,8,1,20,8,23,0,4,295,0,0,1,0,0,650,1,0,2015,6,3
75,65,54,58,55,52,93,71,49,29.85,29.8,29.75,10,9,7,20,9,23,0,0,306,0,0,1,0,0,650,1,0,2015,6,4
72,65,57,57,55,52,93,77,61,29.79,29.77,29.75,10,9,6,21,9,25,0,3,313,0,0,1,0,0,650,0,0,2015,6,5
67,61,55,54,51,48,86,71,56,29.87,29.82,29.76,10,7,5,21,12,24,0,5,280,0,0,1,0,0,650,0,0,2015,6,6
62,58,54,51,50,48,89,78,67,29.97,29.91,29.86,10,9,5,21,11,24,0,7,255,0,0,1,0,0,650,1,0,2015,6,0
68,62,55,52,51,50,83,71,58,29.98,29.95,29.93,10,9,5,20,12,24.34146341,0,5,254,0,0,1,0,0,650,1,0,2015,6,1
69,61,53,52,51,48,89,70,51,29.95,29.93,29.91,10,9,4,23,9,25,0,4,287,0,0,1,0,0,650,1,0,2015,6,2
66,59,52,52,50,47,89,73,56,30.03,29.99,29.94,10,9,5,18,10,23,0,3,286,0,0,1,0,0,650,1,0,2015,6,3
71,62,52,53,50,48,89,69,49,30.01,29.99,29.95,10,10,7,18,9,21,0,4,267,0,0,1,0,0,650,1,0,2015,6,4
69,61,52,54,52,49,93,74,55,29.94,29.91,29.87,10,10,6,20,9,22,0,5,303,0,0,1,0,0,650,0,0,2015,6,5
67,62,56,52,50,48,86,69,52,30.05,30,29.91,10,9,6,22,12,25,0,4,271,0,0,1,0,0,650,0,0,2015,6,6
64,59,54,52,51,49,86,73,60,30.08,30.04,30.02,10,9,6,21,10,24,0,5,268,0,0,1,0,0,650,1,0,2015,6,0
70,62,53,52,50,48,86,69,51,30.03,29.99,29.94,10,9,6,21,9,24,0,2,261,0,0,1,0,0,650,1,0,2015,6,1
73,64,55,52,51,50,86,68,49,29.97,29.93,29.89,10,10,6,20,9,22,0,3,272,0,0,1,0,0,650,1,0,2015,6,2
79,68,56,57,53,50,83,63,43,29.92,29.89,29.86,10,10,7,18,7,21,0,0,323,0,0,1,0,0,650,1,0,2015,6,3
73,66,58,56,55,53,80,69,57,29.97,29.92,29.9,10,10,6,22,10,29,0,2,316,0,0,1,0,0,650,1,0,2015,6,4
74,66,58,57,55,53,86,70,53,30.02,29.98,29.95,10,10,10,17,9,20,0,6,315,0,0,1,0,0,650,0,0,2015,6,5
72,66,60,57,56,55,84,71,57,30.02,30,29.96,10,10,10,22,12,24,0,7,291,0,0,1,0,0,650,0,0,2015,6,6
73,65,57,56,54,52,86,72,57,30.04,29.99,29.93,10,10,10,16,10,21,0,5,272,0,0,1,0,0,650,1,0,2015,6,0
82,70,57,57,55,54,93,66,39,29.93,29.88,29.81,10,10,10,16,8,18,0,3,293,0,0,1,0,0,650,1,0,2015,6,1
76,67,58,57,56,54,87,69,50,29.93,29.88,29.82,10,10,10,24,9,30,0,5,309,0,0,1,0,0,650,1,0,2015,7,2
74,67,60,59,57,55,90,76,61,29.98,29.94,29.91,10,10,10,21,11,23,0,6,313,0,0,1,0,0,650,1,0,2015,7,3
73,67,60,58,57,57,90,76,61,29.97,29.92,29.88,10,10,10,21,11,23,0,5,302,0,0,1,0,0,650,0,1,2015,7,4
71,66,60,58,57,56,90,78,66,29.9,29.88,29.85,10,10,10,21,11,25,0,6,297,0,0,1,0,0,650,0,0,2015,7,5
75,68,61,58,57,55,84,71,57,30.01,29.95,29.89,10,10,10,22,11,26,0,6,288,0,0,1,0,0,650,0,0,2015,7,6
73,67,61,58,56,54,84,69,53,30.09,30.05,30.01,10,10,7,18,13,21,0,5,267,0,0,0,1,0,650,1,0,2015,7,0
73,67,61,58,57,55,84,73,61,30.04,29.99,29.92,10,10,10,21,13,26,0,6,267,0,0,1,0,0,650,1,0,2015,7,1
69,65,60,56,54,52,78,71,63,29.92,29.88,29.84,10,10,10,21,13,28,0,8,265,0,0,1,0,0,650,1,0,2015,7,2
67,63,59,57,55,54,84,76,68,29.91,29.88,29.83,10,9,6,17,10,20,0.01,8,263,0,0,0,1,0,650,1,0,2015,7,3
73,67,61,56,55,54,84,69,53,29.97,29.93,29.9,10,10,7,16,10,23,0,6,267,0,0,1,0,0,650,1,0,2015,7,4
74,68,61,56,54,52,84,67,49,30,29.98,29.93,10,10,10,21,12,26,0,4,270,0,0,1,0,0,650,0,0,2015,7,5
75,69,63,57,56,53,84,65,46,30.06,30.03,30,10,10,10,21,11,24,0,6,263,0,0,1,0,0,650,0,0,2015,7,6
74,68,62,58,57,56,84,71,57,30.03,29.99,29.93,10,10,10,24,12,28,0,6,259,0,0,1,0,0,650,1,0,2015,7,0
70,65,60,57,56,55,90,76,61,29.95,29.92,29.89,10,10,6,22,12,28,0,7,250,0,0,1,0,0,650,1,0,2015,7,1
77,68,58,57,56,55,84,67,50,29.91,29.88,29.86,10,10,7,18,10,24,0,4,233,0,0,1,0,0,650,1,0,2015,7,2
76,68,60,58,57,55,90,72,54,29.93,29.9,29.86,10,10,7,20,9,26,0,4,309,0,0,1,0,0,650,1,0,2015,7,3
74,68,61,57,56,55,90,74,57,29.88,29.84,29.79,10,10,8,21,10,24,0,5,303,0,0,1,0,0,650,1,0,2015,7,4
75,68,60,56,55,54,84,67,49,30.02,29.92,29.84,10,10,10,20,9,24,0,3,291,0,0,1,0,0,650,0,0,2015,7,5
87,74,61,58,56,54,78,57,35,30.06,30.04,30,10,10,10,16,6,20,0,5,280,0,0,1,0,0,650,0,0,2015,7,6
79,71,62,62,58,56,78,65,52,30.02,29.99,29.94,10,10,10,18,9,21,0,3,271,0,0,1,0,0,650,1,0,2015,7,0
70,65,60,57,56,55,90,76,61,29.96,29.91,29.86,10,10,7,20,11,23,0,6,268,0,0,1,0,0,650,1,0,2015,7,1
69,65,60,56,55,53,84,72,59,29.91,29.88,29.83,10,10,7,22,14,26,0,6,252,0,0,1,0,0,650,1,0,2015,7,2
69,65,60,55,54,53,78,68,57,30.05,30,29.92,10,10,7,21,13,25,0,5,250,0,0,1,0,0,650,1,0,2015,7,3
74,67,59,56,54,53,78,64,49,30.13,30.09,30.05,10,10,10,21,11,23,0,4,266,0,0,1,0,0,650,1,0,2015,7,4
70,65,60,56,55,54,84,73,61,30.12,30.07,29.99,10,10,10,21,10,29,0,6,267,0,0,1,0,0,650,0,0,2015,7,5
71,65,58,57,55,53,84,71,57,29.98,29.95,29.92,10,10,9,18,9,24,0,4,253,0,0,1,0,0,650,0,0,2015,7,6
81,69,56,58,54,52,86,61,36,29.97,29.93,29.89,10,10,7,21,9,25,0,0,287,0,0,1,0,0,650,1,0,2015,7,0
87,72,56,59,55,52,86,62,37,29.9,29.87,29.83,10,10,7,18,6,21,0,0,291,0,0,1,0,0,650,1,0,2015,7,1
79,70,60,59,58,56,90,69,48,29.96,29.91,29.86,10,10,7,18,10,23,0,0,316,0,0,1,0,0,650,1,0,2015,7,2
75,68,61,59,58,57,90,74,57,30.06,30.01,29.97,10,10,10,21,11,24,0,5,301,0,0,1,0,0,650,1,0,2015,7,3
72,67,61,59,57,57,90,78,66,30.04,30.01,29.97,10,10,10,20,11,23,0,6,281,0,0,1,0,0,650,1,0,2015,7,4
75,69,62,60,57,55,78,68,57,30.03,29.98,29.94,10,10,10,20,12,24,0,5,276,0,0,1,0,0,650,0,0,2015,8,5
73,68,63,57,56,55,84,71,57,30,29.95,29.91,10,10,8,20,12,23,0,6,265,0,0,1,0,0,650,0,0,2015,8,6
75,70,64,57,54,53,78,64,49,29.99,29.96,29.93,10,10,10,22,14,25,0,5,267,0,0,1,0,0,650,1,0,2015,8,0
75,69,62,57,54,52,78,62,46,30.02,29.99,29.96,10,10,10,18,10,22,0,5,269,0,0,1,0,0,650,1,0,2015,8,1
77,67,57,59,56,54,84,69,54,30.06,30,29.92,10,10,10,20,8,22,0,3,278,0,0,1,0,0,650,1,0,2015,8,2
72,65,58,58,57,54,93,77,61,29.93,29.87,29.8,10,10,7,21,8,24,0,5,309,0,0,0,0,1,650,1,0,2015,8,3
77,69,61,57,56,54,84,69,53,29.91,29.88,29.84,10,10,10,22,10,24,0,4,271,0,0,1,0,0,650,1,0,2015,8,4
70,66,62,57,56,55,84,73,61,29.96,29.94,29.91,10,10,10,18,11,25,0,6,261,0,0,1,0,0,650,0,0,2015,8,5
72,66,59,59,57,55,90,76,61,29.97,29.94,29.91,10,10,10,21,11,28,0,6,251,0,0,1,0,0,650,0,0,2015,8,6
73,67,60,60,57,54,84,73,61,29.98,29.94,29.9,10,10,10,22,13,25,0,6,262,0,0,1,0,0,650,1,0,2015,8,0
73,67,61,58,56,55,84,69,53,29.99,29.94,29.91,10,10,10,21,11,24,0,5,258,0,0,1,0,0,650,1,0,2015,8,1
78,67,55,61,57,50,93,67,41,30.08,30.03,29.98,10,10,10,18,9,22,0,2,285,0,0,1,0,0,650,1,0,2015,8,2
76,70,64,61,59,56,87,70,53,30.07,30.04,30,10,10,10,20,10,24,0,4,278,0,0,1,0,0,650,1,0,2015,8,3
76,69,61,60,58,57,87,71,54,30.09,30.04,29.99,10,10,10,17,9,21,0,4,264,0,0,1,0,0,650,1,0,2015,8,4
92,75,57,61,56,50,86,56,26,30,29.95,29.88,10,8,2,15,5,21,0,3,306,0,0,1,0,0,650,0,0,2015,8,5
93,77,61,61,57,47,84,56,27,29.91,29.86,29.81,10,7,4,16,5,20,0,5,297,0,0,1,0,0,650,0,0,2015,8,6
80,70,59,60,58,56,90,69,48,29.91,29.86,29.82,9,7,6,21,10,24,0,1,308,0,0,1,0,0,650,1,0,2015,8,0
75,68,61,58,57,55,90,72,54,29.95,29.91,29.88,10,8,4,18,10,22,0,4,310,0,0,1,0,0,650,1,0,2015,8,1
74,69,63,57,56,54,78,66,53,29.96,29.93,29.9,10,9,7,20,11,23,0,6,273,0,0,1,0,0,650,1,0,2015,8,2
70,66,62,57,55,53,84,71,57,29.94,29.9,29.86,10,10,10,20,12,24,0,6,270,0,0,1,0,0,650,1,0,2015,8,3
69,66,62,57,56,55,78,70,61,29.91,29.88,29.85,10,10,10,21,11,23,0,6,262,0,0,1,0,0,650,1,0,2015,8,4
75,68,61,58,56,55,78,66,53,29.95,29.92,29.88,10,10,10,22,8,25,0,5,257,0,0,1,0,0,650,0,0,2015,8,5
73,67,61,56,55,54,78,68,57,30.03,29.99,29.94,10,10,10,17,10,21,0,7,277,0,0,1,0,0,650,0,0,2015,8,6
75,68,61,57,55,54,84,69,53,30.06,30.02,29.97,10,10,7,17,10,22,0,4,281,0,0,1,0,0,650,1,0,2015,8,0
74,67,60,57,56,54,84,69,53,30.03,29.99,29.94,10,9,6,18,10,23,0,4,290,0,0,1,0,0,650,1,0,2015,8,1
79,69,58,58,56,52,87,65,43,30.04,30,29.97,10,9,6,16,6,21,0,4,296,0,0,1,0,0,650,1,0,2015,8,2
84,72,59,58,55,46,84,57,30,30.06,30.01,29.95,10,10,10,17,6,29,0,2,272,0,0,1,0,0,650,1,0,2015,8,3
91,77,62,62,58,53,87,60,32,29.96,29.9,29.86,10,10,10,24,8,28,0,4,291,0,0,1,0,0,650,1,0,2015,8,4
76,71,65,66,62,57,87,73,58,30.01,29.98,29.93,10,9,3,21,11,25,0,6,260,0,0,0,1,0,650,0,0,2015,8,5
78,70,61,60,59,56,87,69,50,30.06,30.01,29.94,10,10,10,20,11,22,0,3,276,0,0,1,0,0,650,0,0,2015,8,6
78,69,60,58,57,54,84,67,50,29.95,29.91,29.87,10,10,9,18,9,21,0,1,246,0,0,1,0,0,650,1,0,2015,8,0
